DROP TABLE IF EXISTS `tbl_address`;
/*!40101 SET @saved_cs_client     = @@character_set_client */;
/*!50503 SET character_set_client = utf8mb4 */;
CREATE TABLE `tbl_address` (
  `id` bigint NOT NULL AUTO_INCREMENT,
  `address_line` varchar(255) DEFAULT NULL,
  `created_date` datetime(6) DEFAULT NULL,
  `district` varchar(255) DEFAULT NULL,
  `province` varchar(255) DEFAULT NULL,
  `update_date` datetime(6) DEFAULT NULL,
  `ward` varchar(255) DEFAULT NULL,
  `is_default` bit(1) DEFAULT NULL,
  `full_name` varchar(255) DEFAULT NULL,
  `district_id` bigint DEFAULT NULL,
  `province_id` bigint DEFAULT NULL,
  `ward_id` varchar(255) DEFAULT NULL,
  `phone` varchar(255) DEFAULT NULL,
  `user_id` bigint DEFAULT NULL,
  `deleted_date` datetime(6) DEFAULT NULL,
  PRIMARY KEY (`id`)
) ENGINE=InnoDB AUTO_INCREMENT=25 DEFAULT CHARSET=utf8mb4 COLLATE=utf8mb4_0900_ai_ci;
/*!40101 SET character_set_client = @saved_cs_client */;

--
-- Dumping data for table `tbl_address`
--

LOCK TABLES `tbl_address` WRITE;
/*!40000 ALTER TABLE `tbl_address` DISABLE KEYS */;
INSERT INTO `tbl_address` VALUES (2,'Số 22, Ngõ 59','2022-11-30 02:00:28.000000','Quận Đống Đa','Hà Nội','2022-12-08 11:41:59.332000','Phường Láng Thượng',_binary '\0','Nguyễn Thanh Hường',1486,201,'1A0407','0968858104',5,NULL),(4,'64/1L','2022-12-03 02:55:06.320000','Thành Phố Thủ Đức','Hồ Chí Minh','2022-12-03 02:55:06.320000','Phường Linh Trung',_binary '\0','Nguyễn Quang Sang',3695,202,'90737','0388891635',9,NULL),(5,'64/1L, KP5, Đường 17','2022-12-08 17:18:22.723000','Thành Phố Thủ Đức','Hồ Chí Minh','2022-12-08 17:31:11.976000','Phường Linh Trung',_binary '\0','Phạm Đinh Quốc Hòa',3695,202,'90737','0388891635',4,NULL),(7,'Sô 1, Võ Văn Ngân','2022-12-08 17:38:19.676000','Thành Phố Thủ Đức','Hồ Chí Minh','2022-12-08 17:38:19.676000','Phường Linh Chiểu',_binary '\0','Phạm Đinh Quốc Hòa',3695,202,'90742','0388891635',5,NULL),(13,'73 Bu dâng, thôn 4',NULL,'Huyện Tuy Đức','Đắk Nông','2022-12-17 18:14:43.839000','Xã Đắk R\'Tíh',_binary '\0','Phạm Đinh Quốc Hòa',2227,241,'630803','0388891635',4,NULL),(14,'73 Bu dâng, thôn 4','2022-12-13 15:08:59.597000','Thị Xã Tân Châu','An Giang','2022-12-13 15:08:59.597000','Phường Long Hưng',_binary '\0','Phạm Đinh Quốc Hòa',1755,217,'510402','0388891635',4,NULL),(15,'73 Bu dâng, thôn 4','2022-12-13 15:10:09.736000','Huyện Triệu Phong','Quảng Trị','2022-12-13 15:10:09.736000','Xã Triệu Tài',_binary '\0','Phạm Đinh Quốc Hòa',2040,238,'320613','0388891635',4,NULL),(16,'73 Bu dâng, thôn 4',NULL,'Huyện Mường La','Sơn La','2022-12-17 17:58:51.671000','Xã Pi Toong',_binary '\0','Phạm Đinh Quốc Hòa',3230,266,'140315','0388891635',4,NULL),(17,'73 Bu dâng, thôn 4',NULL,'Huyện Mường Ảng','Điện Biên','2022-12-17 18:19:33.283000','Xã Xuân Lao',_binary '\0','Phạm Đinh Quốc Hòa',2170,265,'620910','0388891635',4,NULL),(18,'Số 1 Bến Nghé',NULL,'Quận 1','Hồ Chí Minh','2023-01-07 10:06:47.280000','Phường Phạm Ngũ Lão',_binary '\0','Rosé',1442,202,'20109','0989898989',10,NULL),(20,'484 Lê Văn Việt','2022-12-25 23:29:49.850000','Thành Phố Thủ Đức','Hồ Chí Minh','2022-12-25 23:31:30.041000','Phường Tăng Nhơn Phú A',_binary '\0','Phạm Đinh Quốc Hòa',3695,202,'90755','0388891637',10,NULL),(21,'73 Bu dâng, thôn 4',NULL,'Huyện Si Ma Cai','Lào Cai','2023-01-02 14:41:50.038000','Thị Trấn Si Ma Cai',_binary '\0','Phạm Đinh Quốc Hòa',2264,269,'90816','0388891635',4,NULL),(22,'2 la',NULL,'Huyện Yên Thủy','Hòa Bình','2023-01-06 15:47:12.818000','Xã Yên Trị',_binary '\0','Tien',2270,267,'231013','0972358764',13,NULL),(23,'Đất Đỏ','2023-01-06 21:35:00.379000','Huyện Si Ma Cai','Lào Cai','2023-01-06 21:35:00.379000','Thị Trấn Si Ma Cai',_binary '\0','Tran Anh Tien',2264,269,'90816','0972358764',13,NULL),(24,'string','2023-01-26 21:43:39.674000','string','string','2023-01-26 21:43:39.674000','string',_binary '\0','string',0,0,'string','0388891635',4,NULL);
/*!40000 ALTER TABLE `tbl_address` ENABLE KEYS */;
UNLOCK TABLES;

--
-- Table structure for table `tbl_cart`
--

DROP TABLE IF EXISTS `tbl_cart`;
/*!40101 SET @saved_cs_client     = @@character_set_client */;
/*!50503 SET character_set_client = utf8mb4 */;
CREATE TABLE `tbl_cart` (
  `id` bigint NOT NULL AUTO_INCREMENT,
  `created_date` datetime(6) DEFAULT NULL,
  `grand_total` bigint DEFAULT NULL,
  `update_date` datetime(6) DEFAULT NULL,
  `user_id` bigint DEFAULT NULL,
  `deleted_date` datetime(6) DEFAULT NULL,
  PRIMARY KEY (`id`)
) ENGINE=InnoDB AUTO_INCREMENT=11 DEFAULT CHARSET=utf8mb4 COLLATE=utf8mb4_0900_ai_ci;
/*!40101 SET character_set_client = @saved_cs_client */;

--
-- Dumping data for table `tbl_cart`
--

LOCK TABLES `tbl_cart` WRITE;
/*!40000 ALTER TABLE `tbl_cart` DISABLE KEYS */;
INSERT INTO `tbl_cart` VALUES (1,'2022-11-26 00:04:05.482000',550000,'2023-01-07 08:35:12.885000',4,NULL),(2,'2022-11-18 00:01:43.000000',0,'2022-12-22 15:08:18.845000',5,NULL),(3,'2022-11-18 00:01:44.000000',0,'2022-11-18 00:01:49.000000',6,NULL),(7,'2022-12-25 23:06:23.203000',0,'2023-01-07 10:03:48.641000',10,NULL),(8,'2023-01-01 13:41:16.077000',0,'2023-01-01 13:41:16.077000',11,NULL),(10,'2023-01-06 15:39:18.817000',4172999,'2023-01-07 10:44:28.038000',13,NULL);
/*!40000 ALTER TABLE `tbl_cart` ENABLE KEYS */;
UNLOCK TABLES;

--
-- Table structure for table `tbl_cart_detail`
--

DROP TABLE IF EXISTS `tbl_cart_detail`;
/*!40101 SET @saved_cs_client     = @@character_set_client */;
/*!50503 SET character_set_client = utf8mb4 */;
CREATE TABLE `tbl_cart_detail` (
  `id` bigint NOT NULL AUTO_INCREMENT,
  `cart_id` bigint DEFAULT NULL,
  `created_date` datetime(6) DEFAULT NULL,
  `quantity` bigint DEFAULT NULL,
  `update_date` datetime(6) DEFAULT NULL,
  `total` bigint DEFAULT NULL,
  `variant_id` bigint DEFAULT NULL,
  `deleted_date` datetime(6) DEFAULT NULL,
  PRIMARY KEY (`id`)
) ENGINE=InnoDB AUTO_INCREMENT=71 DEFAULT CHARSET=utf8mb4 COLLATE=utf8mb4_0900_ai_ci;
/*!40101 SET character_set_client = @saved_cs_client */;

--
-- Dumping data for table `tbl_cart_detail`
--

LOCK TABLES `tbl_cart_detail` WRITE;
/*!40000 ALTER TABLE `tbl_cart_detail` DISABLE KEYS */;
INSERT INTO `tbl_cart_detail` VALUES (64,10,'2023-01-06 21:26:13.732000',1,'2023-01-07 08:50:37.401000',250000,93,NULL),(65,10,'2023-01-06 21:43:38.365000',2,'2023-01-06 21:47:06.795000',500000,105,NULL),(66,10,'2023-01-06 21:44:21.894000',15,'2023-01-06 21:44:39.209000',3000000,98,NULL),(67,1,'2023-01-07 08:35:12.871000',1,'2023-01-07 08:35:12.871000',550000,194,NULL),(70,10,'2023-01-07 10:44:28.033000',1,'2023-01-07 10:44:28.033000',422999,12,NULL);
/*!40000 ALTER TABLE `tbl_cart_detail` ENABLE KEYS */;
UNLOCK TABLES;

--
-- Table structure for table `tbl_category`
--

DROP TABLE IF EXISTS `tbl_category`;
/*!40101 SET @saved_cs_client     = @@character_set_client */;
/*!50503 SET character_set_client = utf8mb4 */;
CREATE TABLE `tbl_category` (
  `id` bigint NOT NULL AUTO_INCREMENT,
  `created_date` datetime(6) DEFAULT NULL,
  `description` varchar(255) DEFAULT NULL,
  `name` varchar(255) DEFAULT NULL,
  `parent_id` bigint DEFAULT NULL,
  `update_date` datetime(6) DEFAULT NULL,
  `deleted_date` datetime(6) DEFAULT NULL,
  PRIMARY KEY (`id`)
) ENGINE=InnoDB AUTO_INCREMENT=31 DEFAULT CHARSET=utf8mb4 COLLATE=utf8mb4_0900_ai_ci;
/*!40101 SET character_set_client = @saved_cs_client */;

--
-- Dumping data for table `tbl_category`
--

LOCK TABLES `tbl_category` WRITE;
/*!40000 ALTER TABLE `tbl_category` DISABLE KEYS */;
INSERT INTO `tbl_category` VALUES (1,'2023-01-06 13:26:13.000000','Mô tả của quần...','Quần',NULL,'2023-01-06 13:25:52.658000',NULL),(2,'2022-10-25 19:28:03.374000','Mô tả của áo...','Áo',NULL,'2022-10-25 19:28:03.374000',NULL),(3,'2022-10-25 19:28:21.919000','Mô tả của váy...','Váy',NULL,'2022-10-25 19:28:21.919000',NULL),(4,'2022-10-25 19:28:40.297000','Mô tả của đầm...','Đầm',NULL,'2022-10-25 19:28:40.297000',NULL),(5,'2022-10-25 19:28:53.255000','Mô tả của phụ kiện...','Phụ kiện',NULL,'2022-10-25 19:28:53.255000',NULL),(7,'2022-10-28 18:46:31.824000','Mô tả cho quần tây','Quần tây',1,'2022-10-27 16:16:25.409000',NULL),(28,'2022-11-16 13:57:54.581000','Mô tả về áo khoác','Áo khoác',2,'2022-11-16 13:57:54.581000',NULL),(29,'2022-12-09 09:54:35.392000','Áo cotton','Áo cotton',2,'2022-12-09 09:54:35.392000',NULL),(30,NULL,'Áo dài ','Áo Măng Tô 2',2,'2023-01-07 09:46:18.298000',NULL);
/*!40000 ALTER TABLE `tbl_category` ENABLE KEYS */;
UNLOCK TABLES;

--
-- Table structure for table `tbl_color`
--

DROP TABLE IF EXISTS `tbl_color`;
/*!40101 SET @saved_cs_client     = @@character_set_client */;
/*!50503 SET character_set_client = utf8mb4 */;
CREATE TABLE `tbl_color` (
  `id` bigint NOT NULL AUTO_INCREMENT,
  `code` varchar(255) DEFAULT NULL,
  `color` varchar(255) DEFAULT NULL,
  `created_date` datetime(6) DEFAULT NULL,
  `update_date` datetime(6) DEFAULT NULL,
  `deleted_date` datetime(6) DEFAULT NULL,
  PRIMARY KEY (`id`)
) ENGINE=InnoDB AUTO_INCREMENT=28 DEFAULT CHARSET=utf8mb4 COLLATE=utf8mb4_0900_ai_ci;
/*!40101 SET character_set_client = @saved_cs_client */;

--
-- Dumping data for table `tbl_color`
--

LOCK TABLES `tbl_color` WRITE;
/*!40000 ALTER TABLE `tbl_color` DISABLE KEYS */;
INSERT INTO `tbl_color` VALUES (12,'#cb9ab7','PINK',NULL,'2023-01-07 09:48:24.312000',NULL),(13,'#f9ecee','LIGHT GRAY PINK','2022-12-09 09:53:18.818000','2022-12-12 22:03:34.328000',NULL),(14,'#ff8614','ORANGE','2022-12-09 09:53:36.395000','2022-12-09 09:53:36.395000',NULL),(15,'#1a1a1a','BLACK','2022-12-09 09:53:51.572000','2022-12-09 09:53:51.572000',NULL),(16,'#ffffff','WHITE','2022-12-09 10:04:47.301000','2022-12-09 10:04:47.301000',NULL),(17,'#00a85a','DARK GREEN','2022-12-09 16:40:58.381000','2022-12-09 16:40:58.381000',NULL),(18,'#4d4d4d','DARK GRAY','2022-12-09 16:41:20.588000','2022-12-09 16:41:20.588000',NULL),(19,'#4df3ff','LIGHT BLUE','2022-12-09 16:53:18.526000','2022-12-09 16:53:18.526000',NULL),(20,'#ffe0e3','LIGHT PINK','2022-12-09 16:53:45.853000','2022-12-09 16:53:45.853000',NULL),(21,'#35551b','DARK GREEN','2022-12-26 21:45:23.199000','2022-12-26 21:45:23.200000',NULL),(22,'#e7a413','DARK BROWN','2022-12-26 21:53:35.820000','2022-12-26 21:53:35.820000',NULL),(23,'#605039','CROCODILE','2022-12-26 22:57:48.848000','2022-12-26 22:57:48.848000',NULL),(24,'#5cc176','GREEN TEA','2022-12-26 22:58:14.072000','2022-12-26 22:58:14.072000',NULL),(25,'#03C9D7','BLUE','2022-12-26 22:58:24.088000','2022-12-26 22:58:24.088000',NULL),(26,'#d9d9d9','GREY','2022-12-26 22:59:03.577000','2022-12-26 22:59:03.577000',NULL),(27,'#dfb65d','SILVER MINK','2023-01-02 17:26:47.373000','2023-01-02 17:26:47.373000',NULL);
/*!40000 ALTER TABLE `tbl_color` ENABLE KEYS */;
UNLOCK TABLES;

--
-- Table structure for table `tbl_comment`
--

DROP TABLE IF EXISTS `tbl_comment`;
/*!40101 SET @saved_cs_client     = @@character_set_client */;
/*!50503 SET character_set_client = utf8mb4 */;
CREATE TABLE `tbl_comment` (
  `id` bigint NOT NULL AUTO_INCREMENT,
  `content` varchar(255) DEFAULT NULL,
  `created_date` datetime(6) DEFAULT NULL,
  `product_id` bigint DEFAULT NULL,
  `title` varchar(255) DEFAULT NULL,
  `update_date` datetime(6) DEFAULT NULL,
  `user_id` bigint DEFAULT NULL,
  `deleted_date` datetime(6) DEFAULT NULL,
  `is_enabled` bit(1) DEFAULT NULL,
  `parent_id` bigint DEFAULT NULL,
  PRIMARY KEY (`id`)
) ENGINE=InnoDB DEFAULT CHARSET=utf8mb4 COLLATE=utf8mb4_0900_ai_ci;
/*!40101 SET character_set_client = @saved_cs_client */;

--
-- Dumping data for table `tbl_comment`
--

LOCK TABLES `tbl_comment` WRITE;
/*!40000 ALTER TABLE `tbl_comment` DISABLE KEYS */;
/*!40000 ALTER TABLE `tbl_comment` ENABLE KEYS */;
UNLOCK TABLES;

--
-- Table structure for table `tbl_image`
--

DROP TABLE IF EXISTS `tbl_image`;
/*!40101 SET @saved_cs_client     = @@character_set_client */;
/*!50503 SET character_set_client = utf8mb4 */;
CREATE TABLE `tbl_image` (
  `id` bigint NOT NULL AUTO_INCREMENT,
  `created_date` datetime(6) DEFAULT NULL,
  `path` varchar(255) DEFAULT NULL,
  `product_id` bigint DEFAULT NULL,
  `update_date` datetime(6) DEFAULT NULL,
  `deleted_date` datetime(6) DEFAULT NULL,
  PRIMARY KEY (`id`)
) ENGINE=InnoDB AUTO_INCREMENT=325 DEFAULT CHARSET=utf8mb4 COLLATE=utf8mb4_0900_ai_ci;
/*!40101 SET character_set_client = @saved_cs_client */;

--
-- Dumping data for table `tbl_image`
--

LOCK TABLES `tbl_image` WRITE;
/*!40000 ALTER TABLE `tbl_image` DISABLE KEYS */;
INSERT INTO `tbl_image` VALUES (1,'2022-11-10 15:10:11.611000','0c867f08c9574044992e8ec193a900c1.jpg',1,'2022-11-10 15:10:11.611000',NULL),(2,'2022-11-10 15:10:11.639000','96e1b77e5ea34bb7a23363a9514e0622.jpg',1,'2022-11-10 15:10:11.639000',NULL),(3,'2022-11-10 15:10:11.648000','5764aed7e7b74c44875baa5f198af70a.jpg',1,'2022-11-10 15:10:11.648000',NULL),(4,'2022-11-10 15:10:11.658000','dfd7530ad7f24542a314f9f21f9cf1d8.jpg',1,'2022-11-10 15:10:11.658000',NULL),(5,'2022-11-10 15:10:11.667000','afd0ab52de694aa792fcd2afd5cf5ab4.jpg',1,'2022-11-10 15:10:11.667000',NULL),(6,'2022-11-10 15:10:11.676000','2d8b2b05aa644b31ad389a5543a6b25e.jpg',1,'2022-11-10 15:10:11.676000',NULL),(7,'2022-11-10 15:10:11.685000','802b889c0a3648fc858b5c40c8c5ccbd.jpg',1,'2022-11-10 15:10:11.685000',NULL),(8,'2022-11-10 15:10:11.695000','327390b071284f7bb17277b0795c7784.jpg',1,'2022-11-10 15:10:11.695000',NULL),(9,'2022-11-10 15:10:11.706000','f407a834360f4d6d8c2c76d99e0bcfad.jpg',1,'2022-11-10 15:10:11.706000',NULL),(10,'2022-11-10 15:10:11.721000','f31efc97049840c295b69fb077713220.jpg',1,'2022-11-10 15:10:11.721000',NULL),(11,'2022-11-10 16:29:16.969000','384fad7017544f7bb72f4ea0a7b25f45.jpg',9,'2022-11-10 16:29:16.969000',NULL),(12,'2022-11-10 16:29:16.988000','a616587a16ba417ab4b18e113d337bff.jpg',9,'2022-11-10 16:29:16.988000',NULL),(13,'2022-11-10 16:29:16.997000','ca284c80183447058f2064c27f249543.jpg',9,'2022-11-10 16:29:16.997000',NULL),(14,'2022-11-10 16:29:17.005000','11dbb39d4d6a411692d49d83c207ef91.jpg',9,'2022-11-10 16:29:17.005000',NULL),(15,'2022-11-10 16:29:17.012000','4df792092b6f4a54a224ed522cc92552.jpg',9,'2022-11-10 16:29:17.012000',NULL),(16,'2022-11-10 16:29:17.020000','a61e88c2000040f6a4e881c2a81363bb.jpg',9,'2022-11-10 16:29:17.020000',NULL),(17,'2022-11-10 16:29:17.028000','eed877611e1a4d6683ec4756c0bdbbf7.jpg',9,'2022-11-10 16:29:17.028000',NULL),(18,'2022-11-10 16:29:17.055000','d36581ba7fb14c7983e3493b38ed9d65.jpg',9,'2022-11-10 16:29:17.055000',NULL),(19,'2022-11-10 16:29:17.064000','80114ccdcfc046a5b438935902b07cf6.jpg',9,'2022-11-10 16:29:17.064000',NULL),(20,'2022-11-10 17:59:39.684000','f1be38f4c21448c2a73c15beee87ce9e.jpg',10,'2022-11-10 17:59:39.684000',NULL),(21,'2022-11-11 00:07:56.325000','6169f1ebf0164859ad9b951c9f3ad12d.jpg',11,'2022-11-11 00:07:56.325000',NULL),(22,'2022-11-11 00:07:56.337000','e61dd21fb0394b83aecbf3816efbfda5.jpg',11,'2022-11-11 00:07:56.337000',NULL),(23,'2022-11-11 00:07:56.349000','28c7fc702bb0412b9bc8bba95ee35c8c.jpg',11,'2022-11-11 00:07:56.349000',NULL),(24,'2022-11-11 00:07:56.359000','00df7525a31a4ba296850b3413187214.jpg',11,'2022-11-11 00:07:56.359000',NULL),(25,'2022-11-11 00:07:56.367000','aa9acd01cc3741b2bd8619084019d802.jpg',11,'2022-11-11 00:07:56.367000',NULL),(26,'2022-11-11 00:07:56.376000','92e37c9cc5d149279d971bf5d3f686b8.jpg',11,'2022-11-11 00:07:56.376000',NULL),(27,'2022-11-11 00:07:56.384000','e5274acbda914e75881592600b57be25.jpg',11,'2022-11-11 00:07:56.384000',NULL),(28,'2022-11-11 00:07:56.392000','08e871234ace43a0866b96149f6e58fb.jpg',11,'2022-11-11 00:07:56.392000',NULL),(29,'2022-11-11 00:07:56.400000','073ce92303a7467ea25ff01c54d3da84.jpg',11,'2022-11-11 00:07:56.400000',NULL),(30,'2022-11-11 00:07:56.407000','17877e747cae488e99357a5c6fdba0ac.jpg',11,'2022-11-11 00:07:56.407000',NULL),(34,'2022-11-11 00:16:50.233000','c14d5ebfb05843aea2b2bf37451d6353.jpg',12,'2022-11-11 00:16:50.233000',NULL),(35,'2022-11-11 00:16:50.243000','effc12d2563d48199a8343b158464a74.jpg',12,'2022-11-11 00:16:50.243000',NULL),(37,'2022-11-11 00:16:50.259000','f40d76aae770445ab9420c9a26e48107.jpg',12,'2022-11-11 00:16:50.259000',NULL),(38,'2022-11-11 00:16:50.266000','5fba872bf9914ecd9de14fd5a34ba909.jpg',12,'2022-11-11 00:16:50.266000',NULL),(39,'2022-11-11 00:16:50.274000','9e1aea2a054d47e0ad17a608f7f37558.jpg',12,'2022-11-11 00:16:50.274000',NULL),(40,'2022-11-11 00:16:50.281000','877f5926807849cfa860f84e54e15b6d.jpg',12,'2022-11-11 00:16:50.281000',NULL),(41,'2022-11-11 00:16:50.289000','4ab0a8b1889c467dbd2b1fdff19375f6.jpg',12,'2022-11-11 00:16:50.289000',NULL),(42,'2022-11-11 00:26:50.814000','e8a10bb2570b4a9f871c568fe8d224b8.jpg',13,'2022-11-11 00:26:50.814000',NULL),(43,'2022-11-11 00:26:50.823000','4256b01cca84416a8e4b4cce0ebe8a67.jpg',13,'2022-11-11 00:26:50.823000',NULL),(44,'2022-11-11 00:26:50.858000','728d04d5a9f64b579a8ea5b1e1a8ba47.jpg',13,'2022-11-11 00:26:50.858000',NULL),(45,'2022-11-11 00:26:50.866000','aaf06738b7214c82b0b8ea361273a763.jpg',13,'2022-11-11 00:26:50.866000',NULL),(46,'2022-11-11 00:26:50.892000','b1ad540fe315499a9fc9a82db714ae8e.jpg',13,'2022-11-11 00:26:50.892000',NULL),(47,'2022-11-11 00:26:50.940000','2ff905b84ae244d3b88370c6c348d3f1.jpg',13,'2022-11-11 00:26:50.940000',NULL),(48,'2022-11-11 00:26:50.969000','77e88207082947dd9f27c3f730a06c23.jpg',13,'2022-11-11 00:26:50.969000',NULL),(49,'2022-11-11 00:26:51.003000','9158a788e4304a4fac3cbbe996987216.jpg',13,'2022-11-11 00:26:51.003000',NULL),(50,'2022-11-11 00:26:51.013000','a0a4a45b971646e79ce0418d58384ac7.jpg',13,'2022-11-11 00:26:51.013000',NULL),(51,'2022-11-11 00:26:51.110000','f8111733e35142859daae0af3cecb2fc.jpg',13,'2022-11-11 00:26:51.110000',NULL),(52,'2022-11-16 13:45:51.406000','68f96ba845794f5897141bd6cb92035a.jpg',14,'2022-11-16 13:45:51.406000',NULL),(53,'2022-11-16 13:45:51.413000','e9a41e7066db427d8d4481c7fb94409a.jpg',14,'2022-11-16 13:45:51.413000',NULL),(54,'2022-11-16 13:45:51.422000','1be7858c367847f2b85715093e905ebd.jpg',14,'2022-11-16 13:45:51.422000',NULL),(55,'2022-11-16 13:45:51.429000','a3eed3e0563c4dcc8414729eaeeb4b2b.jpg',14,'2022-11-16 13:45:51.429000',NULL),(56,'2022-11-16 13:45:51.437000','c0d590de2f164f298843b8db056732e5.jpg',14,'2022-11-16 13:45:51.437000',NULL),(57,'2022-11-16 13:45:51.444000','f8c68924a7d64ce193cd948fb3aa1ef7.jpg',14,'2022-11-16 13:45:51.444000',NULL),(58,'2022-11-16 13:45:51.451000','0ea5d3436e4c4168b75d90b5324372a7.jpg',14,'2022-11-16 13:45:51.451000',NULL),(59,'2022-11-16 13:45:51.458000','cdbec5cb033a42ffb83e7f73b9aca524.jpg',14,'2022-11-16 13:45:51.458000',NULL),(60,'2022-11-16 13:45:51.465000','eae685e5d46245ac91d82fc64f0e7015.jpg',14,'2022-11-16 13:45:51.465000',NULL),(61,'2022-11-17 11:12:49.993000','cb397e2ebf684a22999bcc079f8c3fd6.jpg',12,'2022-11-17 11:12:49.993000',NULL),(62,'2022-12-09 10:00:13.978000','3f5fa570559147e2a601bff3bd1fdb12.JPG',15,'2022-12-09 10:00:13.978000',NULL),(63,'2022-12-09 10:00:13.988000','1204b97968e04486b49256715fba7ef1.JPG',15,'2022-12-09 10:00:13.988000',NULL),(64,'2022-12-09 10:00:13.993000','8dc5ec95b8e14e1b985a91a491902c80.JPG',15,'2022-12-09 10:00:13.993000',NULL),(65,'2022-12-09 10:00:14.000000','36e03d2e9b844261821d0938d071ea29.JPG',15,'2022-12-09 10:00:14.000000',NULL),(66,'2022-12-09 10:00:14.005000','7c3168508fa04c03b85592005ea5047b.JPG',15,'2022-12-09 10:00:14.005000',NULL),(67,'2022-12-09 10:00:14.011000','b60707d5985f4ea0a4600ae08b5cf5a9.JPG',15,'2022-12-09 10:00:14.011000',NULL),(68,'2022-12-09 10:00:14.017000','d202ca1cdec34edfbc0a809eff2d5f8f.JPG',15,'2022-12-09 10:00:14.017000',NULL),(69,'2022-12-09 10:00:14.022000','3f57776d692b4401a5c217f8227dc387.JPG',15,'2022-12-09 10:00:14.022000',NULL),(70,'2022-12-09 10:00:14.029000','3b449fb4f31e4749a46af4a525be5e5b.JPG',15,'2022-12-09 10:00:14.029000',NULL),(71,'2022-12-09 10:00:14.036000','1a979c36b8e64a059c686f6044c8b3c5.JPG',15,'2022-12-09 10:00:14.036000',NULL),(72,'2022-12-09 10:00:14.042000','f35af3bffb914085804206b1adc1f792.JPG',15,'2022-12-09 10:00:14.042000',NULL),(73,'2022-12-09 10:00:14.048000','f2a79103b7a04f06bcce4f8e13d7b51c.JPG',15,'2022-12-09 10:00:14.048000',NULL),(74,'2022-12-09 10:00:14.054000','c1e6ebbaa31640ed96d3c7c8b15532fe.JPG',15,'2022-12-09 10:00:14.054000',NULL),(75,'2022-12-09 10:00:14.060000','1f712deaf03b4aa18d528d0099b54fcc.JPG',15,'2022-12-09 10:00:14.060000',NULL),(76,'2022-12-09 10:00:14.066000','98dd6a5df0244641a896ed245a69289e.JPG',15,'2022-12-09 10:00:14.066000',NULL),(77,'2022-12-09 10:00:14.072000','4a2252540f004480a18f86e3bb5d2ef8.JPG',15,'2022-12-09 10:00:14.072000',NULL),(78,'2022-12-09 10:00:14.078000','e521e07c6603432bada4338e61cdb7cf.JPG',15,'2022-12-09 10:00:14.078000',NULL),(79,'2022-12-09 10:00:14.085000','e5986fe88e534ffe9e5c5f50c73a8126.JPG',15,'2022-12-09 10:00:14.085000',NULL),(80,'2022-12-09 10:04:09.952000','dc3622a55be84c18bd7a6d18f5d74f12.JPG',16,'2022-12-09 10:04:09.952000',NULL),(81,'2022-12-09 10:04:09.960000','26b0f870cca04ef5b15fa9b518f3b5d9.JPG',16,'2022-12-09 10:04:09.960000',NULL),(82,'2022-12-09 10:04:09.970000','c00ca51bcf49477995ab68c7024a17aa.JPG',16,'2022-12-09 10:04:09.970000',NULL),(83,'2022-12-09 10:04:09.979000','85348868dc6b42e7b8d939fea18a01ef.JPG',16,'2022-12-09 10:04:09.979000',NULL),(84,'2022-12-09 10:04:09.988000','5a15f7a4a1e6426c8bf2a926e718d2da.JPG',16,'2022-12-09 10:04:09.988000',NULL),(85,'2022-12-09 10:04:09.997000','3f58991bcae44a90b26831ab658a51c4.JPG',16,'2022-12-09 10:04:09.997000',NULL),(86,'2022-12-09 10:04:10.006000','fb10389441b742fa83e5c3b6b3d88e44.JPG',16,'2022-12-09 10:04:10.006000',NULL),(87,'2022-12-09 10:17:29.956000','9d21c23bd2164bdf9c5a7e6a40dbba76.JPG',19,'2022-12-09 10:17:29.956000',NULL),(88,'2022-12-09 10:17:29.965000','6b0453315d87487aac936d0959530928.JPG',19,'2022-12-09 10:17:29.965000',NULL),(89,'2022-12-09 10:17:29.972000','dd633bc8784b4ed0a9f237d2f970d491.JPG',19,'2022-12-09 10:17:29.972000',NULL),(90,'2022-12-09 10:17:29.979000','12dd7930dc6f4e3a8d7a5187161dc086.JPG',19,'2022-12-09 10:17:29.979000',NULL),(91,'2022-12-09 10:17:29.986000','cf8d2d6e2de942d497f23a0b93ca3159.JPG',19,'2022-12-09 10:17:29.986000',NULL),(92,'2022-12-09 10:17:29.993000','1e2879625037478097a615ea107c924b.JPG',19,'2022-12-09 10:17:29.993000',NULL),(93,'2022-12-09 10:17:30.001000','9d90559fdfb54916b1767de32ef412c3.JPG',19,'2022-12-09 10:17:30.001000',NULL),(94,'2022-12-09 10:17:30.007000','0fbffbc14ff840dca4617e75431b86ed.JPG',19,'2022-12-09 10:17:30.007000',NULL),(95,'2022-12-09 10:17:30.014000','3a67d722b34f4a568d20c644dd0c9d78.JPG',19,'2022-12-09 10:17:30.014000',NULL),(96,'2022-12-09 16:39:55.032000','2225697a687245dd83f2fc3f5b9cc963.JPG',20,'2022-12-09 16:39:55.032000',NULL),(97,'2022-12-09 16:39:55.047000','5c1f9781d3d44829bec9a55a58b1c7c1.JPG',20,'2022-12-09 16:39:55.047000',NULL),(98,'2022-12-09 16:39:55.061000','c050831cace64defac7716bfbb643430.JPG',20,'2022-12-09 16:39:55.061000',NULL),(99,'2022-12-09 16:39:55.074000','fddfc451c75e446cb965527b66c99f88.JPG',20,'2022-12-09 16:39:55.074000',NULL),(100,'2022-12-09 16:39:55.084000','29948114fe5c4843b787b62f19bdf079.JPG',20,'2022-12-09 16:39:55.084000',NULL),(101,'2022-12-09 16:39:55.094000','db17cbc7b1cd4d9793b04bdc0f3da01d.JPG',20,'2022-12-09 16:39:55.094000',NULL),(102,'2022-12-09 16:39:55.102000','1c49412c920e49878e4e3053850dc8dc.JPG',20,'2022-12-09 16:39:55.102000',NULL),(103,'2022-12-09 16:39:55.111000','b54713d0f43d416da66e5c14e59783da.JPG',20,'2022-12-09 16:39:55.111000',NULL),(104,'2022-12-09 16:39:55.120000','4bc430a3e35f432d844b754e152ad248.JPG',20,'2022-12-09 16:39:55.120000',NULL),(105,'2022-12-09 16:39:55.131000','280b8ce68c33489a87f663b44f9c282b.JPG',20,'2022-12-09 16:39:55.131000',NULL),(106,'2022-12-09 16:39:55.146000','adbc488a9fe94caba8c6f8221a40e856.JPG',20,'2022-12-09 16:39:55.146000',NULL),(107,'2022-12-09 16:39:55.155000','d3964a2838fd4dff896cca79947e1a16.JPG',20,'2022-12-09 16:39:55.155000',NULL),(108,'2022-12-09 16:39:55.164000','ee992a1658604cccb5d9088dc94d0580.JPG',20,'2022-12-09 16:39:55.164000',NULL),(109,'2022-12-09 16:51:11.555000','fb43ad3aace74390bc4c7de5a2d0aae1.JPG',28,'2022-12-09 16:51:11.555000',NULL),(110,'2022-12-09 16:51:11.565000','3087ea24212f4c89a5eda76dad6b8b73.JPG',28,'2022-12-09 16:51:11.565000',NULL),(111,'2022-12-09 16:51:11.572000','82473368d38c4fd1ad8e59feea10b2df.JPG',28,'2022-12-09 16:51:11.572000',NULL),(112,'2022-12-09 16:51:11.577000','3e54c895aafb421e9da1004e070b0b90.JPG',28,'2022-12-09 16:51:11.577000',NULL),(113,'2022-12-09 16:51:11.584000','f85aa7b72bb949abb35088617369c826.JPG',28,'2022-12-09 16:51:11.584000',NULL),(114,'2022-12-09 16:51:11.589000','b6761cf3952e4da8bdf81e89bc9c3dca.JPG',28,'2022-12-09 16:51:11.589000',NULL),(115,'2022-12-09 16:51:11.595000','81fe009db60c43f7846c43339bb02dcd.JPG',28,'2022-12-09 16:51:11.595000',NULL),(116,'2022-12-09 16:51:11.601000','d45876a636e94b5faf1cf202e4605491.JPG',28,'2022-12-09 16:51:11.601000',NULL),(117,'2022-12-09 16:51:11.607000','bf6fd9d365c243bdb67c5b3c32984c0d.JPG',28,'2022-12-09 16:51:11.607000',NULL),(118,'2022-12-09 16:51:11.613000','6c87db3ba026428b8667b1b7437a2e50.JPG',28,'2022-12-09 16:51:11.613000',NULL),(119,'2022-12-09 16:57:41.486000','30ad744fe21c43c3acfaed22c4418365.JPG',29,'2022-12-09 16:57:41.486000',NULL),(120,'2022-12-09 16:57:41.496000','4c2791e8c2d84b418120be89c34db6fe.JPG',29,'2022-12-09 16:57:41.496000',NULL),(121,'2022-12-09 16:57:41.503000','00e7145b27314856bab57426ce1cf46e.JPG',29,'2022-12-09 16:57:41.503000',NULL),(122,'2022-12-09 16:57:41.513000','3801fdc511f141fdb19fcd38ede72f92.JPG',29,'2022-12-09 16:57:41.514000',NULL),(123,'2022-12-09 16:57:41.521000','4cea0c7319d24bde99e5ba661059a231.JPG',29,'2022-12-09 16:57:41.521000',NULL),(124,'2022-12-09 16:57:41.528000','431d1466b2cf40a597c00d6a571ca871.JPG',29,'2022-12-09 16:57:41.529000',NULL),(125,'2022-12-09 16:57:41.537000','4e21a2223bf747b79e6119f928381055.JPG',29,'2022-12-09 16:57:41.537000',NULL),(126,'2022-12-09 16:57:41.546000','7b24d4a1969d45d98be62e10528dd083.JPG',29,'2022-12-09 16:57:41.546000',NULL),(127,'2022-12-09 16:57:41.554000','554505cc702b4b3fa047fb860ffc13fc.JPG',29,'2022-12-09 16:57:41.554000',NULL),(128,'2022-12-09 16:57:41.561000','4a7624f072564167922aa5945b5c353a.JPG',29,'2022-12-09 16:57:41.561000',NULL),(129,'2022-12-09 16:57:41.569000','9dfdf7b56d5b441199185c12f799e3c5.JPG',29,'2022-12-09 16:57:41.569000',NULL),(130,'2022-12-12 22:18:47.146000','0104531a515a4ba584a05a2c97e03511.JPG',31,'2022-12-12 22:18:47.146000',NULL),(131,'2022-12-12 22:18:47.161000','683f5ba65fa4440c8e4e7c72dea7446c.JPG',31,'2022-12-12 22:18:47.161000',NULL),(132,'2022-12-12 22:18:47.169000','9b1bf072e0584ad4aaec9456cb98ebae.JPG',31,'2022-12-12 22:18:47.169000',NULL),(133,'2022-12-12 22:18:47.177000','704b7a90e39c4fe1a705f039ff419379.JPG',31,'2022-12-12 22:18:47.177000',NULL),(134,'2022-12-12 22:18:47.184000','73c19d5ec9c74066aae89083400e4304.JPG',31,'2022-12-12 22:18:47.184000',NULL),(135,'2022-12-12 22:18:47.190000','34154871e6c344f2b50394f2cf4f6a34.JPG',31,'2022-12-12 22:18:47.190000',NULL),(136,'2022-12-12 22:18:47.196000','24ae9b347f894e9695e5037ea494f7dd.JPG',31,'2022-12-12 22:18:47.196000',NULL),(137,'2022-12-12 22:18:47.203000','de9bbdab0ea845818e8207e9bb44773b.JPG',31,'2022-12-12 22:18:47.203000',NULL),(138,'2022-12-12 22:18:47.210000','2051612aa30c49ae9ddd3cfd9b2a755f.JPG',31,'2022-12-12 22:18:47.210000',NULL),(139,'2022-12-12 22:18:47.216000','ed369f7b34fd436481e9667f9c0de4c1.JPG',31,'2022-12-12 22:18:47.216000',NULL),(140,'2022-12-12 22:18:47.221000','e591885bc3b64437a0d2fa3a69d9e84a.JPG',31,'2022-12-12 22:18:47.221000',NULL),(141,'2022-12-12 22:18:47.227000','21a1b937cc31455d9dbe10ac7d970585.JPG',31,'2022-12-12 22:18:47.227000',NULL),(142,'2022-12-15 15:29:41.113000','add8cbf11aa24555ab375c99820c923c.JPG',32,'2022-12-15 15:29:41.113000',NULL),(143,'2022-12-15 15:29:41.122000','bc6281be870f448593b37da5a53a3041.JPG',32,'2022-12-15 15:29:41.122000',NULL),(144,'2022-12-15 15:29:41.128000','7cd54d9aacf9499cb699f73f2f462b9f.JPG',32,'2022-12-15 15:29:41.128000',NULL),(145,'2022-12-15 15:29:41.133000','dfad8a65234b4f96a8cdf5ac38bd3492.JPG',32,'2022-12-15 15:29:41.133000',NULL),(146,'2022-12-15 15:29:41.140000','20bc8d7120a54201be8ee97afad19a7a.JPG',32,'2022-12-15 15:29:41.140000',NULL),(147,'2022-12-15 15:29:41.145000','faf11607d3bc4a5283846a1c5579c7fb.JPG',32,'2022-12-15 15:29:41.145000',NULL),(148,'2022-12-15 15:29:41.151000','2ea846eab8454445ac10d847db21782d.JPG',32,'2022-12-15 15:29:41.151000',NULL),(149,'2022-12-15 15:29:41.156000','790eac7c793f4b55b322f9dd85a359d8.JPG',32,'2022-12-15 15:29:41.156000',NULL),(150,'2022-12-15 15:29:41.161000','5ae283708b714eedb2e84bb8c3526c35.JPG',32,'2022-12-15 15:29:41.161000',NULL),(151,'2022-12-15 15:29:41.167000','7b2aea2626ff468ca7d89011ffc70009.JPG',32,'2022-12-15 15:29:41.167000',NULL),(152,'2022-12-15 15:29:41.172000','ef6b3ae16754494fb53182c3a581eb0b.JPG',32,'2022-12-15 15:29:41.172000',NULL),(153,'2022-12-15 15:35:51.680000','f246a7f4d6c04df7a0915dc23461d4e6.jpg',33,'2022-12-15 15:35:51.680000',NULL),(154,'2022-12-15 15:35:51.689000','49a30e9322844cb4897a00382b01746e.jpg',33,'2022-12-15 15:35:51.689000',NULL),(155,'2022-12-15 15:35:51.696000','5af08a184fb34c50857313eaae592167.jpg',33,'2022-12-15 15:35:51.696000',NULL),(156,'2022-12-15 15:35:51.705000','06ad7a5b5b784ca79953995e53cf7f88.jpg',33,'2022-12-15 15:35:51.705000',NULL),(157,'2022-12-15 15:35:51.711000','07f76223ec584b7abb19af98017c36c9.jpg',33,'2022-12-15 15:35:51.711000',NULL),(158,'2022-12-15 15:35:51.718000','b3f70d19f4344c5387775af41a2db674.jpg',33,'2022-12-15 15:35:51.718000',NULL),(159,'2022-12-15 15:35:51.728000','cef446d5dabf45fbb639b2bc76caa036.jpg',33,'2022-12-15 15:35:51.728000',NULL),(160,'2022-12-15 15:35:51.736000','b2a3399afa624c7883df1ddf9685e979.jpg',33,'2022-12-15 15:35:51.736000',NULL),(161,'2022-12-15 15:52:54.428000','5de821b0360945cf9803637a28d9a41a.JPG',34,'2022-12-15 15:52:54.428000',NULL),(162,'2022-12-15 15:52:54.437000','187d92f3fe0243bd8ee94840c26ad18b.JPG',34,'2022-12-15 15:52:54.437000',NULL),(163,'2022-12-15 15:52:54.443000','9fe9f58798d3416980c901fb49fb7622.JPG',34,'2022-12-15 15:52:54.443000',NULL),(164,'2022-12-15 15:52:54.448000','41352681841048db9eb7ed106df3bfb5.JPG',34,'2022-12-15 15:52:54.448000',NULL),(165,'2022-12-15 15:52:54.456000','9f30299ffcb441d1bd06dcf864798154.JPG',34,'2022-12-15 15:52:54.456000',NULL),(166,'2022-12-15 15:52:54.462000','14c93ba2cb3949799bee02148c4a8646.JPG',34,'2022-12-15 15:52:54.462000',NULL),(167,'2022-12-15 15:52:54.468000','b1ff9bf17d8e4236a755ee3d2441bdd8.JPG',34,'2022-12-15 15:52:54.468000',NULL),(168,'2022-12-15 15:52:54.475000','25b7f2bba8d24c46b663211772b60ffd.JPG',34,'2022-12-15 15:52:54.475000',NULL),(169,'2022-12-15 15:52:54.482000','af717a86102347e294883ead80899366.JPG',34,'2022-12-15 15:52:54.482000',NULL),(170,'2022-12-15 15:52:54.489000','a29277ed694340dbb3a02851f63988c8.JPG',34,'2022-12-15 15:52:54.489000',NULL),(171,'2022-12-15 15:52:54.496000','435180921cf24ca3b9050b0ff46c1466.JPG',34,'2022-12-15 15:52:54.496000',NULL),(172,'2022-12-15 15:52:54.504000','b6fae51c8cec442bb9aab80ccbe1fc78.JPG',34,'2022-12-15 15:52:54.504000',NULL),(173,'2022-12-15 15:58:48.751000','20fad5dcf0fb48cbad2d40e036dfdc93.JPG',35,'2022-12-15 15:58:48.751000',NULL),(174,'2022-12-15 15:58:48.758000','45985568d15543baa2eaeff4dd00d4d5.JPG',35,'2022-12-15 15:58:48.758000',NULL),(175,'2022-12-15 15:58:48.765000','872d7c14c0d44c6f93299c84b305601d.JPG',35,'2022-12-15 15:58:48.765000',NULL),(176,'2022-12-15 15:58:48.772000','59a6070ac16d45d592686b2a1ddb756c.JPG',35,'2022-12-15 15:58:48.772000',NULL),(177,'2022-12-15 15:58:48.779000','59af287d26c84b8b9cb5895b77fe5b3c.JPG',35,'2022-12-15 15:58:48.779000',NULL),(178,'2022-12-15 16:05:07.201000','c768cac948f24b0b8ad171c6ddff6b13.JPG',36,'2022-12-15 16:05:07.201000',NULL),(179,'2022-12-15 16:05:07.210000','4487ffd79a5d41d8a7ce108f6115e591.JPG',36,'2022-12-15 16:05:07.210000',NULL),(180,'2022-12-15 16:05:07.218000','21e5fa992c974525b560e58e5fb214a2.JPG',36,'2022-12-15 16:05:07.218000',NULL),(181,'2022-12-15 16:05:07.229000','23d616d42fd348468c3f0eeb2cb7b5cb.JPG',36,'2022-12-15 16:05:07.229000',NULL),(182,'2022-12-15 16:05:07.236000','614cecc2d0a44fbfa13ee309ecec62f7.JPG',36,'2022-12-15 16:05:07.236000',NULL),(183,'2022-12-26 20:44:08.032000','7d9aa6de21a34fd9bbaf2be73fa64fca.JPG',37,'2022-12-26 20:44:08.032000',NULL),(184,'2022-12-26 20:44:08.046000','90edccef41a94e5eb0769ee9a257083b.JPG',37,'2022-12-26 20:44:08.046000',NULL),(185,'2022-12-26 20:44:08.055000','15dca9199b7647f09db47e6bdc70e096.JPG',37,'2022-12-26 20:44:08.055000',NULL),(186,'2022-12-26 21:52:06.590000','230d8add6d49497ebdbc59cf30a01857.JPG',38,'2022-12-26 21:52:06.590000',NULL),(187,'2022-12-26 21:52:06.600000','baffd90099e54ab796dded91d85132e6.JPG',38,'2022-12-26 21:52:06.600000',NULL),(188,'2022-12-26 21:52:06.607000','7d89e2e0c8064680b93c5dbe1242d419.JPG',38,'2022-12-26 21:52:06.607000',NULL),(189,'2022-12-26 21:52:06.613000','488e75e59b9c497e903b7d999a5d5e3b.JPG',38,'2022-12-26 21:52:06.613000',NULL),(190,'2022-12-26 21:52:06.620000','97332bd570704eb5a4b3c9e3b19e4df2.JPG',38,'2022-12-26 21:52:06.620000',NULL),(191,'2022-12-26 21:52:06.625000','6256aa2d10c34cc7bebceefe9f828474.JPG',38,'2022-12-26 21:52:06.625000',NULL),(192,'2022-12-26 21:52:06.632000','93a2a0fd4f6a4403a41fa8bf60dab39f.JPG',38,'2022-12-26 21:52:06.632000',NULL),(193,'2022-12-26 21:52:06.636000','08d425fba1b34dd69375fc8328e43f3c.JPG',38,'2022-12-26 21:52:06.636000',NULL),(194,'2022-12-26 21:52:06.642000','24ebdebba328484ca2eb5a602375e9f5.JPG',38,'2022-12-26 21:52:06.642000',NULL),(195,'2022-12-26 21:52:06.648000','f21a922f6b64420691a63bb58e49317b.JPG',38,'2022-12-26 21:52:06.648000',NULL),(196,'2022-12-26 21:52:06.654000','260e29e93e7d42229847e8827c8b812b.JPG',38,'2022-12-26 21:52:06.654000',NULL),(197,'2022-12-26 21:52:06.660000','a080f4b95c9b455bad5560fe16004b78.JPG',38,'2022-12-26 21:52:06.660000',NULL),(198,'2022-12-26 21:52:06.667000','b9537ccecdbe40f09daa200d597a79d5.JPG',38,'2022-12-26 21:52:06.667000',NULL),(199,'2022-12-26 21:58:43.564000','b170131d64884b64a55e0f4556cdb9ad.jpg',39,'2022-12-26 21:58:43.564000',NULL),(200,'2022-12-26 21:58:43.571000','a4472992e6be4f8bbb68ac61718eeda9.jpg',39,'2022-12-26 21:58:43.571000',NULL),(201,'2022-12-26 21:58:43.577000','b110d443f18a48b48678e2269a1edaa8.jpg',39,'2022-12-26 21:58:43.577000',NULL),(202,'2022-12-26 21:58:43.584000','d1ee0608f004464ea54cb7bbfad7cc48.jpg',39,'2022-12-26 21:58:43.584000',NULL),(203,'2022-12-26 22:02:50.284000','c24b300d130449dfa9730640ab037d58.JPG',40,'2022-12-26 22:02:50.284000',NULL),(204,'2022-12-26 22:02:50.292000','0b7407424ab04096964acc3dd35fac03.JPG',40,'2022-12-26 22:02:50.292000',NULL),(205,'2022-12-26 22:02:50.298000','450ce65e18cd45b685ddf1a016ad02ba.JPG',40,'2022-12-26 22:02:50.298000',NULL),(206,'2022-12-26 22:02:50.305000','1209b6dd1963497890cc6ccd46254d40.JPG',40,'2022-12-26 22:02:50.305000',NULL),(207,'2022-12-26 22:02:50.312000','1e86f6de839c4a7fa1e9b6b1224c57bc.JPG',40,'2022-12-26 22:02:50.312000',NULL),(208,'2022-12-26 22:02:50.319000','f72a0068082f4c1f9b8274a2b12ba66f.JPG',40,'2022-12-26 22:02:50.319000',NULL),(209,'2022-12-26 22:02:50.327000','9a43c052dcc84eaaab456bebb340396f.JPG',40,'2022-12-26 22:02:50.327000',NULL),(210,'2022-12-26 22:02:50.333000','2fc80269bc7e4f5da49114bd210d5cf5.JPG',40,'2022-12-26 22:02:50.333000',NULL),(211,'2022-12-26 22:02:50.340000','b15d4a2829d142f9b95793e0d48881a1.JPG',40,'2022-12-26 22:02:50.340000',NULL),(212,'2022-12-26 22:02:50.347000','8cd5f296332e43c089d23e44f09488ca.JPG',40,'2022-12-26 22:02:50.347000',NULL),(213,'2022-12-26 22:02:50.353000','888519cba69d4e9c969641d49d9ab274.JPG',40,'2022-12-26 22:02:50.353000',NULL),(214,'2022-12-26 22:02:50.360000','579ceff0dabb4aa698f62d33df16a292.JPG',40,'2022-12-26 22:02:50.360000',NULL),(215,'2022-12-26 22:02:50.367000','ca1860dbd9c745d5a29ba9cf12acffe2.JPG',40,'2022-12-26 22:02:50.367000',NULL),(216,'2022-12-26 22:02:50.374000','67aef1a8a1bb463cafafffde274d6dc8.JPG',40,'2022-12-26 22:02:50.374000',NULL),(217,'2022-12-26 23:03:30.011000','3c588e2b63804065baf3bdf335d15ec3.jpg',41,'2022-12-26 23:03:30.011000',NULL),(218,'2022-12-26 23:03:30.021000','7c5044ec410543c69411b1c98f8cc70c.jpg',41,'2022-12-26 23:03:30.021000',NULL),(219,'2022-12-26 23:03:30.028000','892e308f6d81402ca7c8029625722844.jpg',41,'2022-12-26 23:03:30.028000',NULL),(220,'2022-12-26 23:03:30.036000','d3d0520cfc1d4cc6b1426dcafcd0afa5.jpg',41,'2022-12-26 23:03:30.036000',NULL),(221,'2022-12-26 23:03:30.043000','a3285301e3ae4a099dd510cbeae52462.jpg',41,'2022-12-26 23:03:30.043000',NULL),(222,'2022-12-26 23:09:51.268000','c2436a97620647209a907cefdc8eae31.jpg',42,'2022-12-26 23:09:51.268000',NULL),(223,'2022-12-26 23:09:51.276000','d02d09acdda244c091cdd5fe4025db6c.jpg',42,'2022-12-26 23:09:51.276000',NULL),(224,'2022-12-26 23:09:51.282000','28410b3985fa4292aad2d79e3cecb0ea.jpg',42,'2022-12-26 23:09:51.282000',NULL),(225,'2022-12-26 23:09:51.290000','6a39a351bf294e409e2314db45cf7968.jpg',42,'2022-12-26 23:09:51.290000',NULL),(226,'2022-12-26 23:09:51.297000','c3ba0aa5bd7841059e91d56a6598391d.jpg',42,'2022-12-26 23:09:51.297000',NULL),(227,'2022-12-26 23:09:51.303000','2ed1ae58bea54f8e98fd20f634caa3cb.jpg',42,'2022-12-26 23:09:51.303000',NULL),(228,'2022-12-26 23:09:51.310000','9d556f98c85249c58cc5dbec61177de6.jpg',42,'2022-12-26 23:09:51.310000',NULL),(229,'2022-12-26 23:09:51.316000','d1e9b6e78053465a9f5cb65c26eb5098.jpg',42,'2022-12-26 23:09:51.316000',NULL),(230,'2022-12-26 23:09:51.322000','89294679d2534d08b564f8a2ff700e81.jpg',42,'2022-12-26 23:09:51.322000',NULL),(231,'2022-12-26 23:09:51.329000','b966034d93c849ac9614c8c47295951a.jpg',42,'2022-12-26 23:09:51.329000',NULL),(232,'2022-12-26 23:09:51.334000','e5ca2a5d95184d12bad29cb3e35638bd.jpg',42,'2022-12-26 23:09:51.334000',NULL),(233,'2022-12-26 23:16:25.152000','79dacd4907914345baa103732f29d4c3.jpg',43,'2022-12-26 23:16:25.152000',NULL),(234,'2022-12-26 23:16:25.158000','f0031e41876b42ed867c5485916acc18.jpg',43,'2022-12-26 23:16:25.158000',NULL),(235,'2022-12-26 23:16:25.163000','7021cda33a4a42e8b44320075d1d2308.jpg',43,'2022-12-26 23:16:25.163000',NULL),(236,'2022-12-26 23:16:25.168000','22f2b0443dbc422d98dffc90c206d45a.jpg',43,'2022-12-26 23:16:25.168000',NULL),(237,'2022-12-26 23:16:25.175000','77f63aa7d39f4f14ae9c3b5df192175d.jpg',43,'2022-12-26 23:16:25.175000',NULL),(238,'2022-12-26 23:16:25.179000','f34acba2ef204fefb83de2e0361ff143.jpg',43,'2022-12-26 23:16:25.179000',NULL),(239,'2022-12-26 23:16:25.185000','4fa56f68034b487f90dc3d5772d3f928.jpg',43,'2022-12-26 23:16:25.185000',NULL),(240,'2022-12-26 23:16:25.192000','198afc19e8c8405d8e58d0eb4a6f109a.jpg',43,'2022-12-26 23:16:25.192000',NULL),(241,'2022-12-26 23:16:25.197000','1e9e407592a6487e885d557d69471017.jpg',43,'2022-12-26 23:16:25.197000',NULL),(242,'2022-12-26 23:16:25.203000','b810956b1bd74c38bf3e5ecb52d43efd.jpg',43,'2022-12-26 23:16:25.203000',NULL),(243,'2022-12-26 23:16:25.209000','2e014810ea544ef3bc8991cb6b42aad4.jpg',43,'2022-12-26 23:16:25.209000',NULL),(244,'2022-12-26 23:16:25.215000','83e1866e39494cda8cb8ab1abcac85d4.jpg',43,'2022-12-26 23:16:25.215000',NULL),(245,'2022-12-26 23:16:25.222000','b9ce38432c9f4045bc818ae550aa6b92.jpg',43,'2022-12-26 23:16:25.222000',NULL),(246,'2022-12-26 23:16:25.227000','b7e4eb49a7d64fccba03edf2be1f6847.jpg',43,'2022-12-26 23:16:25.227000',NULL),(247,'2022-12-26 23:16:25.233000','a31ba3ef3ffb4996ac621996c2be825f.jpg',43,'2022-12-26 23:16:25.233000',NULL),(248,'2022-12-26 23:16:25.242000','3c8f15d13f6d46e5af300fe3a79fb9f6.jpg',43,'2022-12-26 23:16:25.242000',NULL),(249,'2022-12-26 23:16:25.248000','925c097430fa4534896a36dbfaea91cc.jpg',43,'2022-12-26 23:16:25.248000',NULL),(250,'2022-12-26 23:16:25.256000','f52077b63b8f4c24891b246d83a6e3ff.jpg',43,'2022-12-26 23:16:25.256000',NULL),(251,'2023-01-02 14:57:43.577000','e4f09ea24aab4552a4f6718b1463040f.jpg',44,'2023-01-02 14:57:43.577000',NULL),(252,'2023-01-02 14:57:43.585000','dd11211f23214a2abbbd1f5681ae70fd.jpg',44,'2023-01-02 14:57:43.585000',NULL),(253,'2023-01-02 14:57:43.591000','d767cc132a2d401f901434f43d3cd676.jpg',44,'2023-01-02 14:57:43.591000',NULL),(254,'2023-01-02 14:57:43.597000','1062daa4653845a18562cd983f2bb8e7.jpg',44,'2023-01-02 14:57:43.597000',NULL),(255,'2023-01-02 14:57:43.603000','d11a899704cc4b09a8e92c38b98b1f20.jpg',44,'2023-01-02 14:57:43.603000',NULL),(256,'2023-01-02 14:57:43.610000','7c0ec4548445426481ace0574a58bedf.jpg',44,'2023-01-02 14:57:43.610000',NULL),(257,'2023-01-02 14:57:43.616000','d247c5716a7341d1a57fd145fd9b4e05.jpg',44,'2023-01-02 14:57:43.616000',NULL),(258,'2023-01-02 14:57:43.622000','348cfc77fdfc4106b1e4089665abcbaf.jpg',44,'2023-01-02 14:57:43.622000',NULL),(259,'2023-01-02 14:57:43.629000','5eee22a23e554e8183aa714cc8382d52.jpg',44,'2023-01-02 14:57:43.629000',NULL),(260,'2023-01-02 14:57:43.637000','67bb6097c1e34ffca00d9ac9098598da.jpg',44,'2023-01-02 14:57:43.637000',NULL),(261,'2023-01-02 15:00:40.981000','f52e3bfe9941436296f9a9c6f37c20d1.jpg',45,'2023-01-02 15:00:40.981000',NULL),(262,'2023-01-02 15:00:40.989000','33b57aa2bf45475bb356155b12bf8ffc.jpg',45,'2023-01-02 15:00:40.989000',NULL),(263,'2023-01-02 15:00:40.997000','079cd8d19eb74a1c9f1b76fca8bd8dab.jpg',45,'2023-01-02 15:00:40.997000',NULL),(264,'2023-01-02 15:00:41.008000','3f30635fb57146fcbb8458b60a1a0b90.jpg',45,'2023-01-02 15:00:41.008000',NULL),(265,'2023-01-02 15:00:41.016000','37616da8f909405089f97baca92cda85.jpg',45,'2023-01-02 15:00:41.016000',NULL),(266,'2023-01-02 15:00:41.023000','7188f094ee3642a781db64d47ccba762.jpg',45,'2023-01-02 15:00:41.023000',NULL),(267,'2023-01-02 15:03:02.671000','a134401e84434c8e8ddc8998eb747344.jpg',46,'2023-01-02 15:03:02.671000',NULL),(268,'2023-01-02 15:03:02.677000','b7f6af8083de497398c0ad6942b6a12f.jpg',46,'2023-01-02 15:03:02.677000',NULL),(269,'2023-01-02 15:03:02.683000','a1970c3f92324f18a4c002b99f374dcf.jpg',46,'2023-01-02 15:03:02.683000',NULL),(270,'2023-01-02 15:03:02.689000','2bacb612a06142a1a0b7873fec20c50d.jpg',46,'2023-01-02 15:03:02.689000',NULL),(271,'2023-01-02 15:03:02.694000','d2ec9613448940e890b1c06f4298b4ef.jpg',46,'2023-01-02 15:03:02.694000',NULL),(272,'2023-01-02 15:03:02.700000','d3e05124b93547d89792205a3e7bb9c8.jpg',46,'2023-01-02 15:03:02.700000',NULL),(273,'2023-01-02 15:03:02.706000','6387bd05f6734d699b341b90e676f856.jpg',46,'2023-01-02 15:03:02.706000',NULL),(274,'2023-01-02 15:03:02.712000','e123deb5770c4fe3aaafb4195e91a4fe.jpg',46,'2023-01-02 15:03:02.712000',NULL),(275,'2023-01-02 15:03:02.718000','1e1fad36307b47e39de9a3be73ab5cee.jpg',46,'2023-01-02 15:03:02.718000',NULL),(276,'2023-01-02 17:09:59.270000','15fe2e7e92494ed1ac240cb840f1d857.jpg',47,'2023-01-02 17:09:59.270000',NULL),(277,'2023-01-02 17:09:59.282000','2ae47afedd5a4d8e8e91698bf07a5549.jpg',47,'2023-01-02 17:09:59.282000',NULL),(278,'2023-01-02 17:09:59.291000','4622a8a4f49745e6b6b797d186b30aa2.jpg',47,'2023-01-02 17:09:59.291000',NULL),(279,'2023-01-02 17:09:59.300000','2026c957bd86456586d06fb3bccbe62b.jpg',47,'2023-01-02 17:09:59.300000',NULL),(280,'2023-01-02 17:09:59.308000','2933c75c73b04345b9b4a75d50ea3b4f.jpg',47,'2023-01-02 17:09:59.308000',NULL),(281,'2023-01-02 17:09:59.315000','aa88519b0fdb4878bdb24c4681a66b93.jpg',47,'2023-01-02 17:09:59.315000',NULL),(282,'2023-01-02 17:09:59.321000','fab114ac1c22413b84a532a6205030fd.jpg',47,'2023-01-02 17:09:59.321000',NULL),(283,'2023-01-02 17:09:59.327000','740944b8cc8e49368f455dae6edd6fe5.jpg',47,'2023-01-02 17:09:59.327000',NULL),(284,'2023-01-02 17:09:59.333000','91fcba5d6c0a4f44a91f513c2723895a.jpg',47,'2023-01-02 17:09:59.333000',NULL),(285,'2023-01-02 17:09:59.340000','4eaa0823224049399f2ce6834732e427.jpg',47,'2023-01-02 17:09:59.340000',NULL),(286,'2023-01-02 17:13:08.823000','eae2db7ba58d4413b1a54f8556be020d.jpg',48,'2023-01-02 17:13:08.823000',NULL),(287,'2023-01-02 17:13:08.832000','448a8f64c2b84fd5b72643f5d360e466.jpg',48,'2023-01-02 17:13:08.832000',NULL),(288,'2023-01-02 17:13:08.838000','509a04ee23ec46c497744d53c0329ee4.jpg',48,'2023-01-02 17:13:08.838000',NULL),(289,'2023-01-02 17:13:08.844000','0b8f3046dcf64bd4b107a1b28925fe73.jpg',48,'2023-01-02 17:13:08.844000',NULL),(290,'2023-01-02 17:13:08.850000','2794a901447e4b8c8399947a58d64aad.jpg',48,'2023-01-02 17:13:08.850000',NULL),(291,'2023-01-02 17:13:08.855000','f8a0364c212345738265e4d2aa0bf3dc.jpg',48,'2023-01-02 17:13:08.855000',NULL),(292,'2023-01-02 17:13:08.861000','ed30d276843545618a8f3887efe95bff.jpg',48,'2023-01-02 17:13:08.861000',NULL),(293,'2023-01-02 17:13:08.866000','001ea59bce294c94a848e1d0c17b3386.jpg',48,'2023-01-02 17:13:08.866000',NULL),(294,'2023-01-02 17:13:08.872000','4f327d13ef8542a4b9c694cc75baddf3.jpg',48,'2023-01-02 17:13:08.872000',NULL),(295,'2023-01-02 17:13:08.878000','3e6b61b257434a438327d5d96e6045e1.jpg',48,'2023-01-02 17:13:08.878000',NULL),(296,'2023-01-02 17:13:08.884000','6c12d252582e4d8c83af2ee84e541248.jpg',48,'2023-01-02 17:13:08.884000',NULL),(297,'2023-01-02 17:13:08.889000','720b3f181d754c96ac9ba3c15c7f83f4.jpg',48,'2023-01-02 17:13:08.889000',NULL),(298,'2023-01-02 17:20:08.245000','7e68dc2dbf354ae79e654cd215c7d361.jpg',49,'2023-01-02 17:20:08.245000',NULL),(299,'2023-01-02 17:20:08.252000','5c793b66d47b4964b60b92c6a363dca9.jpg',49,'2023-01-02 17:20:08.252000',NULL),(300,'2023-01-02 17:20:08.259000','6b243c3197634339b844d6d9e167772f.jpg',49,'2023-01-02 17:20:08.259000',NULL),(301,'2023-01-02 17:20:08.267000','2e2cd7cddab0407e8d9c9ef5f9895341.jpg',49,'2023-01-02 17:20:08.267000',NULL),(302,'2023-01-02 17:20:08.274000','a99444c400fa4e288878c088f3b94d7a.jpg',49,'2023-01-02 17:20:08.274000',NULL),(303,'2023-01-02 17:20:08.281000','f02e797b75154ff9a6e7a9841011f9fd.jpg',49,'2023-01-02 17:20:08.281000',NULL),(304,'2023-01-02 17:20:08.288000','70b0f81d67424eed9ba9ad10bd162810.jpg',49,'2023-01-02 17:20:08.288000',NULL),(305,'2023-01-02 17:20:08.294000','223d7efdbd924823bdc6e31ef4dd91ff.jpg',49,'2023-01-02 17:20:08.294000',NULL),(306,'2023-01-02 17:20:08.301000','b87fb49412174636aaf912232385ead6.jpg',49,'2023-01-02 17:20:08.301000',NULL),(307,'2023-01-02 17:23:01.175000','a624946757844bd0845d753a6ad25e5d.jpg',50,'2023-01-02 17:23:01.175000',NULL),(308,'2023-01-02 17:23:01.182000','322868d1972d40d7af40d34f86d31b31.jpg',50,'2023-01-02 17:23:01.182000',NULL),(309,'2023-01-02 17:23:01.189000','584337ec73164c93bdb713636b59774d.jpg',50,'2023-01-02 17:23:01.189000',NULL),(310,'2023-01-02 17:23:01.194000','f5fdcd2fe9254bcfb56bc0f25e82e0e6.jpg',50,'2023-01-02 17:23:01.194000',NULL),(311,'2023-01-02 17:23:01.201000','860379b13b2c4b1bbde3cd66fbe9c89a.jpg',50,'2023-01-02 17:23:01.201000',NULL),(312,'2023-01-02 17:23:01.207000','01d152becab2415ca337b2437deb5856.jpg',50,'2023-01-02 17:23:01.207000',NULL),(313,'2023-01-02 17:32:02.332000','0206dce7f55147359d5e6f9c7acb0cf8.jpg',51,'2023-01-02 17:32:02.332000',NULL),(314,'2023-01-02 17:32:02.338000','a1cf0d2af4ee497a84a18de11e2e4d52.jpg',51,'2023-01-02 17:32:02.338000',NULL),(315,'2023-01-02 17:32:02.343000','6fbde56494cf41f4b0658e5d0021f9fa.jpg',51,'2023-01-02 17:32:02.343000',NULL),(316,'2023-01-02 17:32:02.348000','8c879550acce457eaf46fa6177a23fe2.jpg',51,'2023-01-02 17:32:02.348000',NULL),(317,'2023-01-02 17:32:02.353000','93f9087179334b42a475b5bc6fc12337.jpg',51,'2023-01-02 17:32:02.353000',NULL),(318,'2023-01-02 17:32:02.357000','d1b0a4d13fe8485590806bfc8a0dbae3.jpg',51,'2023-01-02 17:32:02.357000',NULL),(319,'2023-01-02 17:32:02.362000','678409277b8a475d8649241dea582fef.jpg',51,'2023-01-02 17:32:02.362000',NULL),(320,'2023-01-02 17:32:02.367000','9b14e264e7df45f58bdb8b354673eaa7.jpg',51,'2023-01-02 17:32:02.367000',NULL),(321,'2023-01-02 17:32:02.373000','6b4e61ea404c4f8ab2abb4c0e162a30a.jpg',51,'2023-01-02 17:32:02.373000',NULL),(322,'2023-01-02 17:32:02.378000','df8f4dc53c554f9d8e54dd0fbab872ce.jpg',51,'2023-01-02 17:32:02.378000',NULL),(323,'2023-01-02 17:32:02.383000','8a8d77649d484fa180ee87011ef9720d.jpg',51,'2023-01-02 17:32:02.383000',NULL),(324,'2023-01-02 17:32:02.388000','1611f656f4ca4e129acc019e44b2dab6.jpg',51,'2023-01-02 17:32:02.388000',NULL);
/*!40000 ALTER TABLE `tbl_image` ENABLE KEYS */;
UNLOCK TABLES;

--
-- Table structure for table `tbl_invoice`
--

DROP TABLE IF EXISTS `tbl_invoice`;
/*!40101 SET @saved_cs_client     = @@character_set_client */;
/*!50503 SET character_set_client = utf8mb4 */;
CREATE TABLE `tbl_invoice` (
  `id` bigint NOT NULL AUTO_INCREMENT,
  `created_date` datetime(6) DEFAULT NULL,
  `delivery_status` varchar(255) DEFAULT NULL,
  `grand_total` bigint DEFAULT NULL,
  `payment_method` varchar(255) DEFAULT NULL,
  `payment_status` varchar(255) DEFAULT NULL,
  `update_date` datetime(6) DEFAULT NULL,
  `user_id` bigint DEFAULT NULL,
  `status` varchar(255) DEFAULT NULL,
  `address_id` bigint DEFAULT NULL,
  `note` varchar(255) DEFAULT NULL,
  `delivery_fee` bigint DEFAULT NULL,
  `delivery_method` varchar(255) DEFAULT NULL,
  `address_line` varchar(255) DEFAULT NULL,
  `deleted_date` datetime(6) DEFAULT NULL,
  PRIMARY KEY (`id`)
) ENGINE=InnoDB AUTO_INCREMENT=20230006 DEFAULT CHARSET=utf8mb4 COLLATE=utf8mb4_0900_ai_ci;
/*!40101 SET character_set_client = @saved_cs_client */;

--
-- Dumping data for table `tbl_invoice`
--

LOCK TABLES `tbl_invoice` WRITE;
/*!40000 ALTER TABLE `tbl_invoice` DISABLE KEYS */;
INSERT INTO `tbl_invoice` VALUES (28,'2022-12-17 17:22:40.864000','PENDING',250000,'COD','PENDING','2022-12-20 14:20:38.020000',4,'CANCELLED',5,'',16500,'Chuyển phát thương mại điện tử',NULL,NULL),(29,'2022-12-17 23:08:21.737000','PENDING',300000,'COD','PAID','2022-12-25 20:39:45.389000',4,'COMPLETED',14,'Cho em thêm đá ạ',30000,'Chuyển phát thương mại điện tử',NULL,NULL),(30,'2022-12-19 21:49:33.932000','PENDING',1122999,'COD','PENDING','2022-12-20 14:00:00.387000',4,'CANCELLED',5,'',16500,'Chuyển phát thương mại điện tử',NULL,NULL),(31,'2022-12-22 11:42:11.982000','PENDING',1850000,'COD','PAID','2023-01-06 21:51:06.647000',4,'COMPLETED',5,'',16500,'Chuyển phát thương mại điện tử',NULL,NULL),(32,'2022-12-22 11:46:41.915000','PENDING',2750000,'COD','PENDING','2022-12-25 21:15:30.658000',4,'IN PROGRESS',5,'',16500,'Chuyển phát thương mại điện tử',NULL,NULL),(33,'2022-12-22 14:49:44.524000','PENDING',550000,'COD','PENDING','2023-01-02 14:53:26.791000',4,'IN PROGRESS',5,'',16500,'Chuyển phát thương mại điện tử',NULL,NULL),(34,'2022-12-22 14:49:56.451000','PENDING',300000,'COD','PENDING','2022-12-25 21:04:59.732000',4,'CANCELLED',5,'',16500,'Chuyển phát thương mại điện tử',NULL,NULL),(35,'2022-12-22 14:50:10.172000','PENDING',250000,'COD','PAID','2022-12-22 14:50:10.207000',4,'COMPLETED',5,'',16500,'Chuyển phát thương mại điện tử',NULL,NULL),(36,'2022-12-22 14:50:24.395000','PENDING',422999,'COD','PAID','2022-12-22 14:50:24.421000',4,'COMPLETED',5,'',16500,'Chuyển phát thương mại điện tử',NULL,NULL),(37,'2022-12-22 14:50:40.951000','PENDING',999998,'COD','PAID','2022-12-22 14:50:40.978000',4,'COMPLETED',5,'',16500,'Chuyển phát thương mại điện tử',NULL,NULL),(38,'2022-12-22 14:51:10.438000','PENDING',900000,'COD','PAID','2022-12-22 14:51:10.462000',4,'COMPLETED',5,'',16500,'Chuyển phát thương mại điện tử',NULL,NULL),(39,'2022-12-22 14:51:31.890000','PENDING',900000,'COD','PAID','2022-12-22 14:51:31.910000',4,'COMPLETED',5,'',16500,'Chuyển phát thương mại điện tử',NULL,NULL),(40,'2022-12-22 15:08:18.809000','PENDING',999998,'COD','PAID','2022-12-22 15:08:18.837000',5,'COMPLETED',2,'',30000,'Chuyển phát thương mại điện tử',NULL,NULL),(41,'2022-12-26 00:05:15.054000','PENDING',300000,'MOMO','PAID','2022-12-26 17:50:31.772000',10,'COMPLETED',18,'',16500,'Chuyển phát thương mại điện tử',NULL,NULL),(42,'2022-12-27 10:06:56.744000','PENDING',600000,'MOMO','PENDING','2023-01-06 21:50:41.352000',10,'IN PROGRESS',20,'',16500,'Chuyển phát thương mại điện tử',NULL,NULL),(43,'2022-12-28 14:29:32.944000','PENDING',1110000,'COD','PENDING','2022-12-28 14:29:33.000000',4,'PENDING',5,'',16500,'Chuyển phát thương mại điện tử',NULL,NULL),(44,'2023-01-02 14:41:38.628000','PENDING',620000,'COD','PENDING','2023-01-07 09:39:31.318000',4,'IN PROGRESS',21,'',30000,'Chuyển phát thương mại điện tử',NULL,NULL),(20230000,'2023-01-02 14:44:26.018000','PENDING',2220000,'COD','PENDING','2023-01-02 14:53:49.905000',4,'IN PROGRESS',15,'',30000,'Chuyển phát thương mại điện tử',NULL,NULL),(20230001,'2023-01-05 22:17:48.074000','PENDING',500000,'MOMO','PAID','2023-01-07 09:16:03.032000',4,'IN PROGRESS',5,'',16500,'Chuyển phát thương mại điện tử',NULL,NULL),(20230002,'2023-01-06 15:45:25.351000','PENDING',250000,'COD','PENDING','2023-01-07 09:39:06.523000',13,'IN PROGRESS',22,'',30000,'Chuyển phát thương mại điện tử',NULL,NULL),(20230005,'2023-01-07 10:03:48.554000','PENDING',5850000,'MOMO','PAID','2023-01-07 10:06:08.039000',10,'CANCELLED',18,'',45750,'Chuyển phát thương mại điện tử',NULL,NULL);
/*!40000 ALTER TABLE `tbl_invoice` ENABLE KEYS */;
UNLOCK TABLES;

--
-- Table structure for table `tbl_invoice_detail`
--

DROP TABLE IF EXISTS `tbl_invoice_detail`;
/*!40101 SET @saved_cs_client     = @@character_set_client */;
/*!50503 SET character_set_client = utf8mb4 */;
CREATE TABLE `tbl_invoice_detail` (
  `id` bigint NOT NULL AUTO_INCREMENT,
  `created_date` datetime(6) DEFAULT NULL,
  `invoice_id` bigint DEFAULT NULL,
  `quantity` bigint DEFAULT NULL,
  `update_date` datetime(6) DEFAULT NULL,
  `total` bigint DEFAULT NULL,
  `variant_id` bigint DEFAULT NULL,
  `unit_price` bigint DEFAULT NULL,
  `deleted_date` datetime(6) DEFAULT NULL,
  PRIMARY KEY (`id`)
) ENGINE=InnoDB AUTO_INCREMENT=52 DEFAULT CHARSET=utf8mb4 COLLATE=utf8mb4_0900_ai_ci;
/*!40101 SET character_set_client = @saved_cs_client */;

--
-- Dumping data for table `tbl_invoice_detail`
--

LOCK TABLES `tbl_invoice_detail` WRITE;
/*!40000 ALTER TABLE `tbl_invoice_detail` DISABLE KEYS */;
INSERT INTO `tbl_invoice_detail` VALUES (27,'2022-12-17 17:22:40.883000',28,1,'2022-12-17 17:22:40.883000',250000,106,250000,NULL),(28,'2022-12-17 23:08:21.764000',29,1,'2022-12-17 23:08:21.764000',300000,88,300000,NULL),(29,'2022-12-19 21:49:33.959000',30,1,'2022-12-19 21:49:33.959000',700000,27,700000,NULL),(30,'2022-12-19 21:49:33.997000',30,1,'2022-12-19 21:49:33.997000',422999,15,422999,NULL),(32,'2022-12-22 11:42:12.008000',31,3,'2022-12-22 11:42:12.008000',750000,103,250000,NULL),(33,'2022-12-22 11:42:12.029000',31,2,'2022-12-22 11:42:12.029000',1100000,73,550000,NULL),(34,'2022-12-22 11:46:41.929000',32,5,'2022-12-22 11:46:41.930000',2750000,73,550000,NULL),(35,'2022-12-22 14:49:44.551000',33,1,'2022-12-22 14:49:44.551000',550000,74,550000,NULL),(36,'2022-12-22 14:49:56.474000',34,1,'2022-12-22 14:49:56.474000',300000,90,300000,NULL),(37,'2022-12-22 14:50:10.195000',35,1,'2022-12-22 14:50:10.195000',250000,95,250000,NULL),(38,'2022-12-22 14:50:24.411000',36,1,'2022-12-22 14:50:24.411000',422999,24,422999,NULL),(39,'2022-12-22 14:50:40.964000',37,2,'2022-12-22 14:50:40.964000',999998,42,499999,NULL),(40,'2022-12-22 14:51:10.454000',38,2,'2022-12-22 14:51:10.454000',900000,81,450000,NULL),(41,'2022-12-22 14:51:31.903000',39,2,'2022-12-22 14:51:31.903000',900000,80,450000,NULL),(42,'2022-12-22 15:08:18.827000',40,2,'2022-12-22 15:08:18.827000',999998,39,499999,NULL),(43,'2022-12-26 00:05:15.079000',41,1,'2022-12-26 00:05:15.079000',300000,88,300000,NULL),(44,'2022-12-27 10:06:56.770000',42,2,'2022-12-27 10:06:56.770000',600000,88,300000,NULL),(45,'2022-12-28 14:29:32.973000',43,1,'2022-12-28 14:29:32.973000',1110000,131,1110000,NULL),(46,'2023-01-02 14:41:38.645000',44,2,'2023-01-02 14:41:38.645000',620000,136,310000,NULL),(47,'2023-01-02 14:44:26.034000',20230000,2,'2023-01-02 14:44:26.034000',2220000,131,1110000,NULL),(48,'2023-01-05 22:17:48.093000',20230001,2,'2023-01-05 22:17:48.093000',500000,172,250000,NULL),(49,'2023-01-06 15:45:25.368000',20230002,1,'2023-01-06 15:45:25.368000',250000,94,250000,NULL),(50,'2023-01-07 10:03:48.588000',20230005,5,'2023-01-07 10:03:48.588000',2250000,169,450000,NULL),(51,'2023-01-07 10:03:48.615000',20230005,8,'2023-01-07 10:03:48.615000',3600000,170,450000,NULL);
/*!40000 ALTER TABLE `tbl_invoice_detail` ENABLE KEYS */;
UNLOCK TABLES;

--
-- Table structure for table `tbl_product`
--

DROP TABLE IF EXISTS `tbl_product`;
/*!40101 SET @saved_cs_client     = @@character_set_client */;
/*!50503 SET character_set_client = utf8mb4 */;
CREATE TABLE `tbl_product` (
  `id` bigint NOT NULL AUTO_INCREMENT,
  `barcode` varchar(255) DEFAULT NULL,
  `category_id` bigint DEFAULT NULL,
  `created_date` datetime(6) DEFAULT NULL,
  `description` text,
  `discount_id` bigint DEFAULT NULL,
  `image` varchar(255) DEFAULT NULL,
  `list_price` bigint DEFAULT NULL,
  `name` varchar(255) DEFAULT NULL,
  `stand_cost` bigint DEFAULT NULL,
  `update_date` datetime(6) DEFAULT NULL,
  `gender` varchar(255) DEFAULT NULL,
  `deleted_date` datetime(6) DEFAULT NULL,
  PRIMARY KEY (`id`)
) ENGINE=InnoDB AUTO_INCREMENT=69 DEFAULT CHARSET=utf8mb4 COLLATE=utf8mb4_0900_ai_ci;
/*!40101 SET character_set_client = @saved_cs_client */;

--
-- Dumping data for table `tbl_product`
--

LOCK TABLES `tbl_product` WRITE;
/*!40000 ALTER TABLE `tbl_product` DISABLE KEYS */;
INSERT INTO `tbl_product` VALUES (15,'10F21KNIW029',29,'2022-12-09 10:00:13.865000','<p>Trong tiết trời nóng lạnh thất thường mỗi khi giao mùa, chúng ta thường sẽ không biết phải lựa chọn bộ trang phục với chất vải thế nào để hoàn toàn phù hợp với nhiệt độ. Và với thời điểm đặc biệt như này, áo len dệt kim sẽ là lựa chọn hoàn hảo nhất để mọi người có thể tự tin diện khi dạo phố, đi làm, hẹn hò,… bất chấp thời tiết thay đổi thế nào. Áo len dệt kim cũng có đa dạng mẫu mã khác nhau như cardigan dệt kim, váy dệt kim, áo len dệt kim cổ cao,… Và nhiệm vụ của chúng ta đó là chọn được kiểu áo ưng ý và mix-match để bộ outfit của mình trở nên thật ấn tượng.\r\n\r\nÁo Dệt Kim Cotton Form Slim – 10F21KNIW029 có đặc trưng của form áo slimfit chính là khả năng tôn dáng người mặc, giúp phần eo của bạn nữ trông thon gọn hơn. Chi tiết cổ áo bẻ cũng như tay áo có bo chun nhẹ làm mẫu thiết kế trông vừa thanh lịch lại vừa trẻ trung, năng động. Cuối cùng, do sản phẩm làm từ chất liệu len có khả năng giữ ấm tốt nên sẽ vô cùng phù hợp cho tiết trời đang dần chuyển lạnh này.</p><p><img src=\"https://routine.vn/media/wysiwyg/content/CL-24-Len-min.png\" alt=\"CL-24-Len-min.png\" width=\"auto\" height=\"auto\" style=\"min-width: 0px; max-width: 1322px; min-height: 0px;\" class=\"e-rte-image e-imgcenter e-resize e-imginline\"></p><p><img src=\"https://routine.vn/media/wysiwyg/content/hdbq-ao-thun.png\" alt=\"hdbq-ao-thun.png\" width=\"auto\" height=\"auto\" style=\"min-width: 0px; max-width: 1322px; min-height: 0px;\" class=\"e-rte-image e-imgcenter e-imginline\">  <br></p>',NULL,'9113b827d4de40c0b7326fd080aadfaf.JPG',422999,'ÁO DỆT KIM COTTON FORM SLIM',350000,'2022-12-09 10:19:16.703000','FEMALE',NULL),(16,'10F21JACW005',28,'2022-12-09 10:04:09.908000','<p>Trong tiết trời nóng lạnh thất thường mỗi khi giao mùa, chúng ta thường sẽ không biết phải lựa chọn bộ trang phục với chất vải thế nào để hoàn toàn phù hợp với nhiệt độ. Và với thời điểm đặc biệt như này, áo len dệt kim sẽ là lựa chọn hoàn hảo nhất để mọi người có thể tự tin diện khi dạo phố, đi làm, hẹn hò,… bất chấp thời tiết thay đổi thế nào. Áo len dệt kim cũng có đa dạng mẫu mã khác nhau như cardigan dệt kim, váy dệt kim, áo len dệt kim cổ cao,… Và nhiệm vụ của chúng ta đó là chọn được kiểu áo ưng ý và mix-match để bộ outfit của mình trở nên thật ấn tượng.\r\n\r\nÁo Dệt Kim Cotton Form Slim – 10F21KNIW029 có đặc trưng của form áo slimfit chính là khả năng tôn dáng người mặc, giúp phần eo của bạn nữ trông thon gọn hơn. Chi tiết cổ áo bẻ cũng như tay áo có bo chun nhẹ làm mẫu thiết kế trông vừa thanh lịch lại vừa trẻ trung, năng động. Cuối cùng, do sản phẩm làm từ chất liệu len có khả năng giữ ấm tốt nên sẽ vô cùng phù hợp cho tiết trời đang dần chuyển lạnh này.</p>',NULL,'233fbf75d23147b0829c9e1502e2e313.JPG',700000,'ÁO KHOÁC FORM REGULAR',560000,'2022-12-26 22:06:41.042000','FEMALE',NULL),(19,'10F21DREW026',4,'2022-12-09 10:17:29.920000','<p>Váy đầm là loại trang phục không thể thiếu trong tủ đồ của các nàng. Chúng có thể được xem là một trong những loại trang phục có tuổi đời lâu nhất khi xuất hiện từ thế kỷ thứ nhất. Đi theo qua biết bao thời kì thay đổi, phát triển của thế giới, kiểu dáng và màu sắc của trang phục này cũng trở nên đa dạng, phong phú hơn. Váy đầm dần trở thành mẫu thiết kế được phái nữ ưa chuộng không chỉ vì sự phong phú, đa dạng mà chúng còn giúp tôn lên được vẻ đẹp nữ tính, thanh lịch và gợi cảm cho người phụ nữ.\r\n\r\nĐầm Nữ Tay Ngắn Form Fitted - 10F21DREW026 là thiết kế hợp với bất cứ phụ nữ nào một khi các cô nàng biết cách phối đúng màu sắc, dạng váy nữ với phụ kiện đi kèm đúng thời. Đầm váy nữ tính và phái đẹp không thể tồn tại nếu thiếu nhau vì vậy một mẫu đầm nữ sẽ thiếu đi tầng ý nghĩa còn phái nữ mất cá tính riêng. Đồng thời chiều dài váy thời trang là điều quyết định cho việc tôn vóc dáng để khoe chân thon dài hay giấu đi yếu điểm. Với chất liệu được làm từ Polyester giúp đầm nữ tay ngắn có chất vải bền và giữ form đầm được ổn định hơn. Đầm cũng được thiết kế với form ôm ở phần ngực, eo và mông để tạo được sự thon gọn, ôm vào body cho người mặc.</p><p style=\"cursor: auto;\"><img src=\"https://routine.vn/media/wysiwyg/content/TQ_-_295_-_10F21DREW026.jpg\" alt=\"TQ_-_295_-_10F21DREW026.jpg\" width=\"1303\" height=\"1303\" style=\"min-width: 0px; max-width: 1322px; min-height: 0px; max-height: 1322px;\" class=\"e-rte-image e-imgcenter e-resize e-imginline e-img-focus\"></p><p style=\"cursor: auto;\"><img src=\"https://routine.vn/media/wysiwyg/content_2/_B-295-10F21DREW026.jpg\" alt=\"_B-295-10F21DREW026.jpg\" width=\"1271.4923619271444\" height=\"auto\" style=\"min-width: 20px; max-width: 1322px; min-height: 0px; max-height: 886px;\" class=\"e-rte-image e-imgcenter e-imginline e-resize e-img-focus\"></p><p style=\"cursor: auto;\"><img src=\"https://routine.vn/media/wysiwyg/content/hdbq-ao-so-mi.png\" alt=\"hdbq-ao-so-mi.png\" width=\"2\" height=\"2\" style=\"min-width: 0px; max-width: 1322px; min-height: 0px;\" class=\"e-rte-image e-imgcenter e-imginline e-resize e-img-focus\"> <br><br><br></p><p></p>',NULL,'1360ed8fc95b4b02b5e254789f46bdfb.JPG',499999,'ĐẦM TAY NGẮN COTTON FORM FITTED',400000,'2022-12-09 15:41:16.659000','FEMALE',NULL),(20,'10S21SHLW014',2,'2022-12-09 16:39:54.851000','Ngày nay, chúng ta không chỉ bắt gặp những chiếc áo sơ mi tay dài trong môi trường công sở như trước đây mà còn có thể thường xuyên nhìn thấy những bộ outfit có sự kết hợp với áo sơ mi trong đời sống thường ngày, các buổi tiệc sang trọng,… Sở dĩ, sơ mi tay dài phổ biến trong thời trang bởi vì khả năng dễ phối đồ, tính linh hoạt phù hợp trong nhiều hoàn cảnh và cuối cùng chính là làm nổi bật được vẻ thanh lịch, chỉn chu và sang trọng cho người mặc.\r\n\r\nÁo Sơ Mi Tay Dài Cổ Lệch Cotton Form Regular - 10S21SHLW014 được thiết kế cổ áo lệch. Trước kia, kiểu cổ áo này ít được dùng nhiều trong trang phục nhưng gần đây đã có sự kết hợp sáng tạo dáng cổ này vào những mẫu thiết kế trang phục nhằm tôn lên nét thanh lịch, hiện đại. Bên cạnh đó, chất liệu cotton cũng giúp giữ form áo thoáng mát, thấm hút mồ hôi cực tốt.',NULL,'16e0ebaec62442f68b123001197c69c7.JPG',450000,'ÁO SƠ MI TAY DÀI CỔ LỆCH COTTON FORM REGULAR',350000,'2022-12-09 16:39:54.851000','FEMALE',NULL),(28,'10S22SHLW006',2,'2022-12-09 16:51:11.521000','Ngày nay, chúng ta không chỉ bắt gặp những chiếc áo tay dài trong môi trường công sở như trước đây mà còn có thể thường xuyên nhìn thấy những bộ outfit có sự kết hợp với áo tay dài cách điệu trong đời sống thường ngày, các buổi tiệc sang trọng,… Áo tay dài ngày càng được cách điệu và sáng tạo đa dạng trong thời trang bởi vì mang đến sự bắt mắt, trẻ trung và thể hiện được cá tính phụ nữ.\r\n\r\nÁo Tay Dài Nữ - 10S22SHLW006 được thiết kế theo phong cách năng động, trẻ trung pha chút phá cách. Áo được làm từ chất liệu 100% polyester nên mặt vải áo cực kỳ bền giúp giữ form cố định. Áo được thiết kế tay dài có bo chun, phần thân croptop và hai dây đan chéo trước bụng cực kỳ cá tính và quyến rũ. Đây là item \'cực cháy\' để diện những buổi tiệc bạn bè hay du lịch khoe dáng triệt để cho các nàng.',NULL,'bbf7130542bd4acc936b9e8281206249.JPG',550000,'ÁO SƠ MI TAY DÀI COTTON FORM REGULAR',450000,'2022-12-09 16:51:11.521000','FEMALE',NULL),(29,'10S22SHSW010',2,'2022-12-09 16:57:41.394000','Ngày nay, chúng ta không chỉ bắt gặp những chiếc áo tay dài trong môi trường công sở như trước đây mà còn có thể thường xuyên nhìn thấy những bộ outfit có sự kết hợp với áo tay dài cách điệu trong đời sống thường ngày, các buổi tiệc sang trọng,… Áo tay dài ngày càng được cách điệu và sáng tạo đa dạng trong thời trang bởi vì mang đến sự bắt mắt, trẻ trung và thể hiện được cá tính phụ nữ.\r\n\r\nÁo Tay Dài Nữ - 10S22SHLW006 được thiết kế theo phong cách năng động, trẻ trung pha chút phá cách. Áo được làm từ chất liệu 100% polyester nên mặt vải áo cực kỳ bền giúp giữ form cố định. Áo được thiết kế tay dài có bo chun, phần thân croptop và hai dây đan chéo trước bụng cực kỳ cá tính và quyến rũ. Đây là item \'cực cháy\' để diện những buổi tiệc bạn bè hay du lịch khoe dáng triệt để cho các nàng.',NULL,'a65184a8490d463782f8cd3391076f98.JPG',450000,'ÁO SƠ MI TAY NGẮN COTTON FORM LOOSE',350000,'2022-12-09 16:57:41.394000','FEMALE',NULL),(31,'10S21TTOW005',2,'2022-12-12 22:18:47.093000','<p style=\"margin-bottom: 20px; padding: 0px; color: rgb(0, 0, 0); font-family: &quot;Roboto Condensed&quot;, &quot;Helvetica Neue&quot;, Helvetica, Arial, sans-serif; font-size: 15px;\"><span data-sheets-value=\"{&quot;1&quot;:2,&quot;2&quot;:&quot;Qua nhiều năm phát triển, quần jean hay còn gọi là quần bò đã trở thành một món đồ rất thông dụng trong tủ quần áo của mỗi người. Bất kể ở đâu, bất kể tầng lớp hay nền văn hóa nào chúng ta đều có thể bắt gặp những chiếc quần này. Bởi quần jean luôn mang lại sự trẻ trung, năng động và tiện dụng cho người mặc.\\n\\nQuần Jean Nữ Trơn Cotton Form Balloon - 10S21DPAW006 luôn là một item được nhiều cô nàng theo phong cách trẻ trung năng động săn đón. Bởi form quần suông từ trên xuống, vừa với body không quá rộng, đặc biệt phần ống quần được thiết kế bó vào cổ chân nhưng không quá sát tạo điểm nhấn đặc biệt, cùng chất vải Cotton dày dặn nhưng thoáng mát, thấm hút mồ hôi tốt cho nàng thể hiện sự cá tính của mình.  &quot;}\" data-sheets-userformat=\"{&quot;2&quot;:11199,&quot;3&quot;:{&quot;1&quot;:0},&quot;4&quot;:{&quot;1&quot;:3,&quot;3&quot;:2},&quot;5&quot;:{&quot;1&quot;:[{&quot;1&quot;:2,&quot;2&quot;:0,&quot;5&quot;:{&quot;1&quot;:2,&quot;2&quot;:0}},{&quot;1&quot;:0,&quot;2&quot;:0,&quot;3&quot;:2},{&quot;1&quot;:1,&quot;2&quot;:0,&quot;4&quot;:1}]},&quot;6&quot;:{&quot;1&quot;:[{&quot;1&quot;:2,&quot;2&quot;:0,&quot;5&quot;:{&quot;1&quot;:2,&quot;2&quot;:0}},{&quot;1&quot;:0,&quot;2&quot;:0,&quot;3&quot;:2},{&quot;1&quot;:1,&quot;2&quot;:0,&quot;4&quot;:1}]},&quot;7&quot;:{&quot;1&quot;:[{&quot;1&quot;:2,&quot;2&quot;:0,&quot;5&quot;:{&quot;1&quot;:2,&quot;2&quot;:0}},{&quot;1&quot;:0,&quot;2&quot;:0,&quot;3&quot;:2},{&quot;1&quot;:1,&quot;2&quot;:0,&quot;4&quot;:1}]},&quot;8&quot;:{&quot;1&quot;:[{&quot;1&quot;:2,&quot;2&quot;:0,&quot;5&quot;:{&quot;1&quot;:2,&quot;2&quot;:0}},{&quot;1&quot;:0,&quot;2&quot;:0,&quot;3&quot;:2},{&quot;1&quot;:1,&quot;2&quot;:0,&quot;4&quot;:1}]},&quot;10&quot;:1,&quot;11&quot;:4,&quot;12&quot;:0,&quot;14&quot;:{&quot;1&quot;:3,&quot;3&quot;:1},&quot;16&quot;:10}\">Qua nhiều năm phát triển, quần jean hay còn gọi là quần bò đã trở thành một món đồ rất thông dụng trong tủ quần áo của mỗi người. Bất kể ở đâu, bất kể tầng lớp hay nền văn hóa nào chúng ta đều có thể bắt gặp những chiếc quần này. Bởi quần jean luôn mang lại sự trẻ trung, năng động và tiện dụng cho người mặc.</span></p><p style=\"margin-bottom: 20px; padding: 0px; color: rgb(0, 0, 0); font-family: &quot;Roboto Condensed&quot;, &quot;Helvetica Neue&quot;, Helvetica, Arial, sans-serif; font-size: 15px;\"><span data-sheets-value=\"{&quot;1&quot;:2,&quot;2&quot;:&quot;Qua nhiều năm phát triển, quần jean hay còn gọi là quần bò đã trở thành một món đồ rất thông dụng trong tủ quần áo của mỗi người. Bất kể ở đâu, bất kể tầng lớp hay nền văn hóa nào chúng ta đều có thể bắt gặp những chiếc quần này. Bởi quần jean luôn mang lại sự trẻ trung, năng động và tiện dụng cho người mặc.\\n\\nQuần Jean Nữ Trơn Cotton Form Balloon - 10S21DPAW006 luôn là một item được nhiều cô nàng theo phong cách trẻ trung năng động săn đón. Bởi form quần suông từ trên xuống, vừa với body không quá rộng, đặc biệt phần ống quần được thiết kế bó vào cổ chân nhưng không quá sát tạo điểm nhấn đặc biệt, cùng chất vải Cotton dày dặn nhưng thoáng mát, thấm hút mồ hôi tốt cho nàng thể hiện sự cá tính của mình.  &quot;}\" data-sheets-userformat=\"{&quot;2&quot;:11199,&quot;3&quot;:{&quot;1&quot;:0},&quot;4&quot;:{&quot;1&quot;:3,&quot;3&quot;:2},&quot;5&quot;:{&quot;1&quot;:[{&quot;1&quot;:2,&quot;2&quot;:0,&quot;5&quot;:{&quot;1&quot;:2,&quot;2&quot;:0}},{&quot;1&quot;:0,&quot;2&quot;:0,&quot;3&quot;:2},{&quot;1&quot;:1,&quot;2&quot;:0,&quot;4&quot;:1}]},&quot;6&quot;:{&quot;1&quot;:[{&quot;1&quot;:2,&quot;2&quot;:0,&quot;5&quot;:{&quot;1&quot;:2,&quot;2&quot;:0}},{&quot;1&quot;:0,&quot;2&quot;:0,&quot;3&quot;:2},{&quot;1&quot;:1,&quot;2&quot;:0,&quot;4&quot;:1}]},&quot;7&quot;:{&quot;1&quot;:[{&quot;1&quot;:2,&quot;2&quot;:0,&quot;5&quot;:{&quot;1&quot;:2,&quot;2&quot;:0}},{&quot;1&quot;:0,&quot;2&quot;:0,&quot;3&quot;:2},{&quot;1&quot;:1,&quot;2&quot;:0,&quot;4&quot;:1}]},&quot;8&quot;:{&quot;1&quot;:[{&quot;1&quot;:2,&quot;2&quot;:0,&quot;5&quot;:{&quot;1&quot;:2,&quot;2&quot;:0}},{&quot;1&quot;:0,&quot;2&quot;:0,&quot;3&quot;:2},{&quot;1&quot;:1,&quot;2&quot;:0,&quot;4&quot;:1}]},&quot;10&quot;:1,&quot;11&quot;:4,&quot;12&quot;:0,&quot;14&quot;:{&quot;1&quot;:3,&quot;3&quot;:1},&quot;16&quot;:10}\"><span style=\"font-weight: 600;\">Quần Jean Nữ Trơn Cotton Form Balloon - 10S21DPAW006</span>&nbsp;luôn là item được nhiều cô nàng theo phong cách trẻ trung năng động săn đón. Bởi form quần suông từ trên xuống, vừa với body không quá rộng, đặc biệt phần ống quần được thiết kế bó vào cổ chân nhưng không quá sát tạo điểm nhấn đặc biệt, cùng chất vải Cotton dày dặn nhưng thoáng mát, thấm hút mồ hôi tốt cho nàng thể hiện sự cá tính của mình.</span></p>',NULL,'530c272bfabc41ed9073c481a672d0e0.JPG',300000,'ÁO THUN TANKTOP CỔ ĐỔ',250000,'2022-12-12 22:18:47.093000','FEMALE',NULL),(32,'10F21TSS005',2,'2023-01-06 21:45:01.000000','<p>Áo thun tay ngắn là một trong những item cơ bản phổ biến trong thời trang thường ngày. Với tổng thể đơn giản, thoải mái và tính ứng dụng cao, áo thun luôn là lựa chọn ưu tiên nhiều người. </p><p>Áo Thun Tay Ngắn Cotton Form Regular - 10S21TSH009 được sử dụng chất vải thoáng mát, thoáng khí kết hợp với kiểu áo cổ điển, ôm suông thẳng đứng thoải mái. Áo thun nổi bật với phần họa tiết in đều toàn bộ áo tạo cảm giác trẻ trung, hiện đại.</p>',NULL,'f61121d4d9c84860bb8fc80d00a5298d.JPG',250000,'ÁO THUN TAY NGẮN COTTON FORM REGULAR',150000,'2023-01-06 21:13:00.876000','FEMALE',NULL),(33,'10F21TSSW001',2,'2023-01-06 21:45:03.000000','<p>Áo thun tay ngắn là một trong những item cơ bản phổ biến trong thời trang thường ngày. Với tổng thể đơn giản, thoải mái và tính ứng dụng cao, áo thun luôn là lựa chọn ưu tiên nhiều người.</p><p> Áo Thun Tay Ngắn Nữ Họa Tiết Cotton Form Regular - 10F21TSSW001 mang phong cách đơn giản với chất vải cotton tự nhiên thoáng mát, công nghệ dệt dày dặn đứng form. Thiết kế áo ôm vừa vặn, suông thẳng kết hợp với họa tiết in hình ảnh đồ vật, phong cảnh đậm chất Việt Nam.<br></p>',NULL,'f77e8c189555475ea829759863f074f6.jpg',200000,'ÁO THUN TAY NGẮN HỌA TIẾT COTTON FORM REGULAR',140000,'2023-01-06 21:44:43.607000','FEMALE',NULL),(34,'10F21TSSW012',2,'2023-01-06 21:45:04.000000','<p>Áo thun tay ngắn là một trong những item cơ bản phổ biến trong thời trang thường ngày. Với tổng thể đơn giản, thoải mái và tính ứng dụng cao, áo thun luôn là lựa chọn ưu tiên nhiều người.</p><p>Áo Thun Tay Ngắn Nữ Họa Tiết Cotton Form Regular - 10F21TSSW001 mang phong cách đơn giản với chất vải cotton tự nhiên thoáng mát, công nghệ dệt dày dặn đứng form. Thiết kế áo ôm vừa vặn, suông thẳng kết hợp với họa tiết in hình ảnh đồ vật, phong cảnh đậm chất Việt Nam.<br></p>',NULL,'37dc4360920b496aa4cc9f865eb50196.JPG',250000,'ÁO THUN TAY NGẮN HỌA TIẾT COTTON FORM REGULAR',150000,'2023-01-06 21:43:49.427000','FEMALE',NULL),(35,'10F21VESW001',2,'2022-12-15 15:58:48.720000','<p>Khi nhắc đến trang phục vest, người ta thường sẽ nghĩ ngay đến các quý ông. Tuy nhiên, trong thời đại ngày nay áo vest cũng được phái đẹp ưa chuộng và sử dụng nhiều. Những bộ vest nữ thông thường sẽ được cắt may phù vừa vặn với vóc dáng của nàng cũng như được thiết kế cách điệu hơn nhằm mang đến sự hài hoà, thanh lịch, sang trọng, chuyên nghiệp cho người mặc, đồng thời tăng khả năng ứng dụng của trang phục. </p><p>Áo Vest Nữ – 10S21VESW002 là sản phẩm chân ái dành cho các cô nàng cá tính, thích phong cách năng động, trẻ trung nhưng vẫn giữ được nét lịch sự cần có trong môi trường công sở. Với thiết kế dáng áo lửng và hơi ôm nhẹ ở phần thân và tay áo kết hợp với đặc điểm của loại vest 1 khuy sẽ tạo nên bộ outfit trẻ trung, năng động, thời trang cho các nàng. Đồng thời, với chất liệu linen thấm hút mồ hôi tốt sẽ hỗ trợ các nàng thoải mái hoạt động cả ngày.<br></p>',NULL,'973b264f2f7b477ba877fcf687a7ed9a.JPG',600000,'ÁO VEST TAY LỬNG XẺ SAI CÀI NÚT. RELAXED',450000,'2022-12-15 15:58:48.720000','FEMALE',NULL),(36,'10S22DSKW001',3,'2022-12-15 16:05:07.166000','<p>Với sự phát triển của các xu hướng thời trang đăc biệt là thời trang về sự tiện lợi, hiện nay phái đẹp rất ưa chuộng chân váy khi đi làm, mặc ở nhà hay đi chơi, du lịch, đi học. Nhìn chung, chân váy đem lại xu hướng ăn mặc mà phái đẹp rất yêu thích bởi nó không chỉ mang đến sự dịu dàng, lịch sự, thanh lịch mà còn rất quyến rũ. </p><p>Chân Váy Jean Gấp Lai. Pencil Skirt – 10S22DSKW001 là sản phẩm chân váy siêu hot hit trong bộ sưu tập Xuân Hè 2022 của nhà Routine. Form váy fitted rất được các nàng ưa chuộng bởi có thể tôn lên được đường cong vòng 3 đầy quyến rũ của chị em nhưng không quá o ép gây cho người mặc cảm giác khó chịu. </p><p>Chi tiết xẻ tà và gấp lai sẽ góp phần toát lên phong thái cá tính, mạnh mẽ và có phần “ chất chơi” của bạn nữ. Chất liệu cotton pha sẽ hỗ trợ rất lớn giúp quá trình giặt giũ và bảo quản sản phẩm của nàng diễn ra dễ dàng và thuận tiện hơn.<br></p>',NULL,'5e50908138584e88b7be2e7fa30bdd9a.JPG',600000,'CHÂN VÁY JEAN GẤP LAI - PENCIL SKIRT',450000,'2022-12-26 00:43:57.707000','FEMALE',NULL),(38,'10S21DREW001',4,'2022-12-26 21:52:06.532000','<p style=\"margin-bottom: 20px; padding: 0px; color: rgb(0, 0, 0); font-family: &quot;Roboto Condensed&quot;, &quot;Helvetica Neue&quot;, Helvetica, Arial, sans-serif; font-size: 15px; text-align: justify;\"><span data-sheets-value=\"{&quot;1&quot;:2,&quot;2&quot;:&quot;Váy đầm là loại trang phục không thể thiếu trong tủ đồ của các nàng. Chúng có thể được xem là một trong những loại trang phục có tuổi đời lâu nhất khi xuất hiện từ thế kỷ thứ nhất. Đi theo qua biết bao thời kì thay đổi, phát triển của thế giới, kiểu dáng và màu sắc của trang phục này cũng trở nên đa dạng, phong phú hơn. Váy đầm dần trở thành mẫu thiết kế được phái nữ ưa chuộng không chỉ vì sự phong phú, đa dạng mà chúng còn giúp tôn lên được vẻ đẹp nữ tính, thanh lịch và gợi cảm cho người phụ nữ.\\r\\n\\r\\nĐầm Thắt Dây Sát Nách Form Fitted – 10S21DREW001 với cổ chữ V và thắt dây ở eo sẽ tôn lên được các đường nét đẹp và quyến rũ nhất của các quý cô, từ bờ vai thon với xương quai xanh gợi cảm đến vòng eo con kiến thon nhỏ. Phần tà váy bên phải được thiết kế ngắn hơn tà trái vừa là điểm nhấn làm mẫu đầm trở nên bắt mắt hơn mà cũng vừa giúp các nàng khi diện trở nên nhẹ nhàng, lả lướt hơn. Chất liệu satin với độ bóng nhẹ và tính thẩm mỹ cao sẽ mang đến phong thái sang trọng, kiêu sa cho quý cô.\\r&quot;}\" data-sheets-userformat=\"{&quot;2&quot;:5035,&quot;3&quot;:{&quot;1&quot;:0},&quot;4&quot;:{&quot;1&quot;:2,&quot;2&quot;:16777215},&quot;6&quot;:{&quot;1&quot;:[{&quot;1&quot;:2,&quot;2&quot;:0,&quot;5&quot;:{&quot;1&quot;:2,&quot;2&quot;:0}},{&quot;1&quot;:0,&quot;2&quot;:0,&quot;3&quot;:2},{&quot;1&quot;:1,&quot;2&quot;:0,&quot;4&quot;:1}]},&quot;8&quot;:{&quot;1&quot;:[{&quot;1&quot;:2,&quot;2&quot;:0,&quot;5&quot;:{&quot;1&quot;:2,&quot;2&quot;:0}},{&quot;1&quot;:0,&quot;2&quot;:0,&quot;3&quot;:2},{&quot;1&quot;:1,&quot;2&quot;:0,&quot;4&quot;:1}]},&quot;10&quot;:1,&quot;11&quot;:4,&quot;12&quot;:0,&quot;15&quot;:&quot;Arial&quot;}\">Váy đầm là loại trang phục không thể thiếu trong tủ đồ của các nàng. Chúng có thể được xem là một trong những loại trang phục có tuổi đời lâu nhất khi xuất hiện từ thế kỷ thứ nhất. Đi theo qua biết bao thời kì thay đổi, phát triển của thế giới, kiểu dáng và màu sắc của trang phục này cũng trở nên đa dạng, phong phú hơn. Váy đầm dần trở thành mẫu thiết kế được phái nữ ưa chuộng không chỉ vì sự phong phú, đa dạng mà chúng còn giúp tôn lên được vẻ đẹp nữ tính, thanh lịch và gợi cảm cho người phụ nữ.</span></p><p style=\"margin-bottom: 20px; padding: 0px; color: rgb(0, 0, 0); font-family: &quot;Roboto Condensed&quot;, &quot;Helvetica Neue&quot;, Helvetica, Arial, sans-serif; font-size: 15px; text-align: justify;\"><span data-sheets-value=\"{&quot;1&quot;:2,&quot;2&quot;:&quot;Váy đầm là loại trang phục không thể thiếu trong tủ đồ của các nàng. Chúng có thể được xem là một trong những loại trang phục có tuổi đời lâu nhất khi xuất hiện từ thế kỷ thứ nhất. Đi theo qua biết bao thời kì thay đổi, phát triển của thế giới, kiểu dáng và màu sắc của trang phục này cũng trở nên đa dạng, phong phú hơn. Váy đầm dần trở thành mẫu thiết kế được phái nữ ưa chuộng không chỉ vì sự phong phú, đa dạng mà chúng còn giúp tôn lên được vẻ đẹp nữ tính, thanh lịch và gợi cảm cho người phụ nữ.\\r\\n\\r\\nĐầm Thắt Dây Sát Nách Form Fitted – 10S21DREW001 với cổ chữ V và thắt dây ở eo sẽ tôn lên được các đường nét đẹp và quyến rũ nhất của các quý cô, từ bờ vai thon với xương quai xanh gợi cảm đến vòng eo con kiến thon nhỏ. Phần tà váy bên phải được thiết kế ngắn hơn tà trái vừa là điểm nhấn làm mẫu đầm trở nên bắt mắt hơn mà cũng vừa giúp các nàng khi diện trở nên nhẹ nhàng, lả lướt hơn. Chất liệu satin với độ bóng nhẹ và tính thẩm mỹ cao sẽ mang đến phong thái sang trọng, kiêu sa cho quý cô.\\r&quot;}\" data-sheets-userformat=\"{&quot;2&quot;:5035,&quot;3&quot;:{&quot;1&quot;:0},&quot;4&quot;:{&quot;1&quot;:2,&quot;2&quot;:16777215},&quot;6&quot;:{&quot;1&quot;:[{&quot;1&quot;:2,&quot;2&quot;:0,&quot;5&quot;:{&quot;1&quot;:2,&quot;2&quot;:0}},{&quot;1&quot;:0,&quot;2&quot;:0,&quot;3&quot;:2},{&quot;1&quot;:1,&quot;2&quot;:0,&quot;4&quot;:1}]},&quot;8&quot;:{&quot;1&quot;:[{&quot;1&quot;:2,&quot;2&quot;:0,&quot;5&quot;:{&quot;1&quot;:2,&quot;2&quot;:0}},{&quot;1&quot;:0,&quot;2&quot;:0,&quot;3&quot;:2},{&quot;1&quot;:1,&quot;2&quot;:0,&quot;4&quot;:1}]},&quot;10&quot;:1,&quot;11&quot;:4,&quot;12&quot;:0,&quot;15&quot;:&quot;Arial&quot;}\"><span style=\"font-weight: 600;\">Đầm Thắt Dây Sát Nách Form Fitted – 10S21DREW001</span>&nbsp;với cổ chữ V và thắt dây ở eo sẽ tôn lên được các đường nét đẹp và quyến rũ nhất của các quý cô, từ bờ vai thon với xương quai xanh gợi cảm đến vòng eo con kiến thon nhỏ. Phần tà váy bên phải được thiết kế ngắn hơn tà trái vừa là điểm nhấn làm mẫu đầm trở nên bắt mắt hơn mà cũng vừa giúp các nàng khi diện trở nên nhẹ nhàng, lả lướt hơn. Chất liệu satin với độ bóng nhẹ và tính thẩm mỹ cao sẽ mang đến phong thái sang trọng, kiêu sa cho quý cô.</span></p><p><span data-sheets-value=\"{&quot;1&quot;:2,&quot;2&quot;:&quot;Váy đầm là loại trang phục không thể thiếu trong tủ đồ của các nàng. Chúng có thể được xem là một trong những loại trang phục có tuổi đời lâu nhất khi xuất hiện từ thế kỷ thứ nhất. Đi theo qua biết bao thời kì thay đổi, phát triển của thế giới, kiểu dáng và màu sắc của trang phục này cũng trở nên đa dạng, phong phú hơn. Váy đầm dần trở thành mẫu thiết kế được phái nữ ưa chuộng không chỉ vì sự phong phú, đa dạng mà chúng còn giúp tôn lên được vẻ đẹp nữ tính, thanh lịch và gợi cảm cho người phụ nữ.\\r\\n\\r\\nĐầm Thắt Dây Sát Nách Form Fitted – 10S21DREW001 với cổ chữ V và thắt dây ở eo sẽ tôn lên được các đường nét đẹp và quyến rũ nhất của các quý cô, từ bờ vai thon với xương quai xanh gợi cảm đến vòng eo con kiến thon nhỏ. Phần tà váy bên phải được thiết kế ngắn hơn tà trái vừa là điểm nhấn làm mẫu đầm trở nên bắt mắt hơn mà cũng vừa giúp các nàng khi diện trở nên nhẹ nhàng, lả lướt hơn. Chất liệu satin với độ bóng nhẹ và tính thẩm mỹ cao sẽ mang đến phong thái sang trọng, kiêu sa cho quý cô.\\r&quot;}\" data-sheets-userformat=\"{&quot;2&quot;:5035,&quot;3&quot;:{&quot;1&quot;:0},&quot;4&quot;:{&quot;1&quot;:2,&quot;2&quot;:16777215},&quot;6&quot;:{&quot;1&quot;:[{&quot;1&quot;:2,&quot;2&quot;:0,&quot;5&quot;:{&quot;1&quot;:2,&quot;2&quot;:0}},{&quot;1&quot;:0,&quot;2&quot;:0,&quot;3&quot;:2},{&quot;1&quot;:1,&quot;2&quot;:0,&quot;4&quot;:1}]},&quot;8&quot;:{&quot;1&quot;:[{&quot;1&quot;:2,&quot;2&quot;:0,&quot;5&quot;:{&quot;1&quot;:2,&quot;2&quot;:0}},{&quot;1&quot;:0,&quot;2&quot;:0,&quot;3&quot;:2},{&quot;1&quot;:1,&quot;2&quot;:0,&quot;4&quot;:1}]},&quot;10&quot;:1,&quot;11&quot;:4,&quot;12&quot;:0,&quot;15&quot;:&quot;Arial&quot;}\"><img src=\"https://routine.vn/media/wysiwyg/content/TQ_-_297_-10S21DREW001.jpg\" alt=\"TQ_-_297_-10S21DREW001.jpg\" width=\"auto\" height=\"auto\" style=\"min-width: 0px; max-width: 1450px; min-height: 0px;\" class=\"e-rte-image e-imgcenter e-imginline\"><img src=\"https://routine.vn/media/wysiwyg/content_2/_B-297-10S21DREW001.jpg\" alt=\"_B-297-10S21DREW001.jpg\" width=\"auto\" height=\"auto\" style=\"min-width: 0px; max-width: 1450px; min-height: 0px;\" class=\"e-rte-image e-imgcenter e-imginline\"><img src=\"https://routine.vn/media/wysiwyg/content/CL-33-Satin-min.png\" alt=\"CL-33-Satin-min.png\" width=\"auto\" height=\"auto\" style=\"min-width: 0px; max-width: 1450px; min-height: 0px;\" class=\"e-rte-image e-imgcenter e-imginline\">   </span></p>',NULL,'075cabfdd44b4ebb976f3e283c9b4bea.JPG',766000,'ĐẦM THẮT DÂY SÁT FORM FITTED',500000,'2022-12-26 21:52:06.532000','FEMALE',NULL),(39,'10S21PCAW003',1,'2022-12-26 21:58:43.516000','<p>Quần kaki đã từng là item yêu thích của trẻ hơn hai thập kỷ về trước. Và trong những năm gần đây, quần kaki đã một lần nữa khẳng định vị trí vững vàng của mình trong dòng chảy của xu hướng. Với khả năng kết hợp đa dạng cùng nhiều loại trang phục giúp quần kaki giành được tình cảm lớn của giới mộ điệu. </p><p>Quần kaki có thể chiều chuộng mọi cá tính, từ người theo đuổi về vẻ ngoài gai góc, bụi bặm đến những tín đồ của chủ nghĩa tối giản. Quần Kaki Nữ Trơn Cotton Form Fitted - 10S21PCAW003 mang đến vẻ đẹp thoải mái, năng động nhưng vẫn giữ được nét thanh lịch cần có. Quần được thiết kế với form quần classic, ống quần suông thẳng từ trên xuống nhưng không quá ôm vào phần cơ thể tạo được cảm giác thoáng mát, dễ chịu. Phần thân quần ống đứng với điểm nổi bật xẻ lai bên dưới hai ống quần chính là điểm nhấn cho người mặc tạo nên được cá tính trong bộ đồ. Bên cạnh đó, quần cũng là một item giữ form chuẩn và tốt, giúp tôn dáng, hack dáng cực hữu hiệu cho mọi cô nàng.</p><p><img src=\"https://routine.vn/media/wysiwyg/content/TQ_-_212_-_10S21PCAW003.jpg\" alt=\"TQ_-_212_-_10S21PCAW003.jpg\" width=\"auto\" height=\"auto\" style=\"min-width: 0px; max-width: 1450px; min-height: 0px;\" class=\"e-rte-image e-imgcenter e-resize e-imginline\"><img src=\"https://routine.vn/media/wysiwyg/content/Cotton.jpg\" alt=\"Cotton.jpg\" width=\"auto\" height=\"auto\" style=\"min-width: 0px; max-width: 1450px; min-height: 0px;\" class=\"e-rte-image e-imgcenter e-resize e-img-focus e-imginline\">  </p>',NULL,'62fcb112ceec4be8a51ceabfdb755c82.jpg',399000,'QUẦN KAKI NỮ ỐNG SUÔNG XẺ LAI TRƠN FORM STRAIGHT',150000,'2022-12-26 21:58:43.516000','FEMALE',NULL),(40,'10F22PCAW005',1,'2022-12-26 22:02:50.236000','<p><span style=\"color: rgb(0, 0, 0); font-family: &quot;Roboto Condensed&quot;, &quot;Helvetica Neue&quot;, Helvetica, Arial, sans-serif; font-size: 15px;\">Quần kaki đã từng là item yêu thích của trẻ hơn hai thập kỷ về trước. Và trong những năm gần đây, quần kaki đã một lần nữa khẳng định vị trí vững vàng của mình trong dòng chảy của xu hướng. Với khả năng kết hợp đa dạng cùng nhiều loại trang phục giúp quần kaki giành được tình cảm lớn của giới mộ điệu. Quần kaki có thể chiều chuộng mọi cá tính, từ người theo đuổi về vẻ ngoài gai góc, bụi bặm đến những tín đồ của chủ nghĩa tối giản.</span></p><p><span style=\"font-weight: 600; color: rgb(0, 0, 0); font-family: &quot;Roboto Condensed&quot;, &quot;Helvetica Neue&quot;, Helvetica, Arial, sans-serif; font-size: 15px;\">Quần Váy Lưng Thun. Skirtpant – 10F22PCAW005</span><span style=\"color: rgb(0, 0, 0); font-family: &quot;Roboto Condensed&quot;, &quot;Helvetica Neue&quot;, Helvetica, Arial, sans-serif; font-size: 15px;\">&nbsp;có dáng quần suông thẳng đứng từ trên xuống nhưng vẫn vừa vặn với cơ thể sẽ giúp che được các khuyết điểm ở phần hông đùi của nàng và đồng thời tạo hiệu ứng “hack chân” cho bạn nữ. Với 2 màu sắc trung tính giúp người mặc vừa dễ phối đồ lại vừa làm nổi bật lên nét cá tính, mạnh mẽ và có phần phóng khoáng của nàng. Hơn nữa, chất liệu polyester giúp cho vẻ ngoài của bạn nữ luôn trong trạng thái gọn gàng, chuẩn chỉnh nhờ khả năng giữ form tốt</span></p><p><span style=\"color: rgb(0, 0, 0); font-family: &quot;Roboto Condensed&quot;, &quot;Helvetica Neue&quot;, Helvetica, Arial, sans-serif; font-size: 15px;\"><br></span><span style=\"color: rgb(0, 0, 0); font-family: &quot;Roboto Condensed&quot;, &quot;Helvetica Neue&quot;, Helvetica, Arial, sans-serif; font-size: 15px;\"><img src=\"https://routine.vn/media/wysiwyg/content/TQ_-_479_-_10F22PCAW005.jpg\" alt=\"TQ_-_479_-_10F22PCAW005.jpg\" width=\"auto\" height=\"auto\" style=\"min-width: 0px; max-width: 1450px; min-height: 0px;\" class=\"e-rte-image e-imgcenter e-imginline\"><img src=\"https://routine.vn/media/wysiwyg/content/Polyester.jpg\" alt=\"Polyester.jpg\" width=\"auto\" height=\"auto\" style=\"min-width: 0px; max-width: 1450px; min-height: 0px;\" class=\"e-rte-image e-imgcenter e-imginline\">  </span><br></p>',NULL,'33cee663cd6048a28c11f08729217407.JPG',550000,'QUẦN VÁY LƯNG THUN. SKIRTPANT',450000,'2022-12-26 22:02:50.236000','FEMALE',NULL),(41,'10F22JAC026',28,'2022-12-26 23:03:29.986000','<p>Ngày nay, áo khoác choàng dáng dài đang trở thành một items thời trang yêu thích của nam giới theo đuổi phong cách quý ông. Chiếc áo có thể là một khoản đầu tư lớn lao của bạn vào bản thân trong năm nên nếu chỉ đẹp thôi thì chưa đủ. Khi mua một chiếc overcoat, bạn cần để ý tới thói quen sinh hoạt, đi lại và quan trọng nhất là dáng người nữa.</p><p>Áo Overcoat in Overcoat - 10F22JAC026 được làm từ chất liệu polyester với khả năng mặt vải bền, giữ form ổn định và đặc biệt là chống nhăn tuy nhiên lại không thấm mồ hôi tốt. Áo được thiết kế form oversize rộng rãi, thoải mái cho người mặc. Ngoài ra, áo với dáng dài xuống đùi và rộng, suông thẳng và không ôm vào body nên sẽ phù hợp với những bạn có dáng người cao. Đặc biệt, áo là item không thể thiếu vào mùa đông lạnh giá với chức năng giữ nhiệt, giữ ấm cực kỳ tốt.</p><p><img src=\"https://routine.vn/media/wysiwyg/content/TQ_-_508_-_10F22JAC026.jpg\" alt=\"TQ_-_508_-_10F22JAC026.jpg\" width=\"auto\" height=\"auto\" style=\"min-width: 0px; max-width: 1450px; min-height: 0px; outline: rgb(74, 144, 226) solid 2px;\" class=\"e-rte-image e-imgcenter e-imginline\"><img src=\"https://routine.vn/media/wysiwyg/Content_product_2/DDB_-_508_-_10F22JAC026.jpg\" alt=\"DDB_-_508_-_10F22JAC026.jpg\" width=\"auto\" height=\"auto\" style=\"min-width: 0px; max-width: 1450px; min-height: 0px;\" class=\"e-rte-image e-imgcenter e-imginline\">  </p><p></p>',NULL,'3f6f33b7ec614748a7cf7a5d90dea489.jpg',1110000,'ÁO OVERCOAT IN. OVERCOAT',900000,'2022-12-26 23:03:29.986000','MALE',NULL),(42,'10S21POL001C',2,'2022-12-26 23:09:51.190000','<p>Mô tả về chiếc áo POLO</p>',NULL,'3bec5b6cdb2a42e0aa9fd335a151284a.jpg',310000,'ÁO POLO COTTON FORM FITTED ',200000,'2022-12-26 23:09:51.190000','MALE',NULL),(43,'10F22TSS010',2,'2022-12-26 23:16:25.065000','<p>Mô tả về áo thun nam cắt rã</p>',NULL,'d0262a47229144da8fb90d85fcd17f61.jpg',350000,'ÁO THUN NAM CẮT RÃ. FITTED ',250000,'2022-12-26 23:16:25.065000','MALE',NULL),(44,'10S21DJA004',28,'2023-01-02 14:57:43.540000','<p>Mô tả về chiếc <strong>ÁO KHOÁC JEAN NAM TRƠN FORM LOOSE - 10S21DJA004</strong></p>',NULL,'359cc35539564ae383a93ce399af558d.jpg',910000,'ÁO KHOÁC JEAN NAM TRƠN FORM LOOSE',780000,'2023-01-02 14:57:43.540000','MALE',NULL),(45,'10F22KNI012',2,'2023-01-02 15:00:40.939000','<p>Mô tả về&nbsp;<strong>ÁO LEN DỆT KIM NAM TAY DÀI SỌC NGANG FORM REGULAR - 10F22KNI012</strong><strong>​</strong></p>',NULL,'bdd343dbad3d4d1eb8348613af302220.jpg',350000,'ÁO LEN DỆT KIM NAM TAY DÀI SỌC NGANG FORM REGULAR',240000,'2023-01-02 15:00:40.939000','MALE',NULL),(46,'10F22KNI003',2,'2023-01-02 15:03:02.618000','<p>Mô tả về&nbsp;<strong>ÁO LEN NAM TAY DÀI CỔ V KẺ SỌC FORM REGULAR - 10F22KNI003</strong></p>',NULL,'8b15a16bbe4d4c76817c9374278b3c83.jpg',450000,'ÁO LEN NAM TAY DÀI CỔ V KẺ SỌC FORM REGULAR ',300000,'2023-01-02 15:03:02.618000','MALE',NULL),(47,'10F22SHL030',2,'2023-01-02 17:09:59.163000','<p>Mô tả về&nbsp;<strong>ÁO SƠ MI NAM TAY DÀI KẺ CARO FORM LOOSE - 10F22SHL030</strong></p>',NULL,'75e11c38e22745d0a8052105d32b2364.jpg',250000,'ÁO SƠ MI NAM TAY DÀI KẺ CARO FORM LOOSE',200000,'2023-01-02 17:09:59.163000','MALE',NULL),(48,'10F22SHL042C',2,'2023-01-02 17:13:08.772000','<p>Mô tả&nbsp;<strong>ÁO SƠ MI TAY DÀI NAM TRƠN FORM FITTED - 10F22SHL042C</strong></p>',NULL,'cd136ac43f6e4da3a8422b84a86edfec.jpg',450000,'ÁO SƠ MI TAY DÀI NAM TRƠN FORM FITTED',400000,'2023-01-02 17:13:08.772000','MALE',NULL),(49,'10F22PCA005',1,'2023-01-02 17:20:08.179000','<p>Mô tả về&nbsp;<strong>QUẦN DÀI KAKI NAM DOBBY FORM SLIM - 10F22PCA005</strong></p>',NULL,'c379e56b64e64cd18d7a0e99440df5b4.jpg',500000,'QUẦN DÀI KAKI NAM DOBBY FORM SLIM',450000,'2023-01-02 17:20:08.179000','MALE',NULL),(50,'10F22PCA018',1,'2023-01-02 17:23:01.117000','<p>Mô tả về&nbsp;<strong>QUẦN DÀI KAKI NAM ỐNG RỘNG FORM WIGE LEG - 10F22PCA018</strong></p>',NULL,'2a5e180c1d0745a98246c65daf1b4535.jpg',550000,'QUẦN DÀI KAKI NAM ỐNG RỘNG FORM WIGE LEG',500000,'2023-01-02 17:23:01.117000','MALE',NULL),(51,'10F22PCA001',1,'2023-01-06 13:25:12.000000','<p>Mô tả về&nbsp;<strong>QUẦN DÀI KAKI NAM TWILL FORM SLIM - 10F22PCA001</strong></p>',NULL,'612e8257bc724f5bac9175bb4b5431e8.jpg',550000,'QUẦN DÀI KAKI NAM TWILL FORM SLIM',450000,'2023-01-06 13:24:50.637000','MALE',NULL);
/*!40000 ALTER TABLE `tbl_product` ENABLE KEYS */;
UNLOCK TABLES;

--
-- Table structure for table `tbl_role`
--

DROP TABLE IF EXISTS `tbl_role`;
/*!40101 SET @saved_cs_client     = @@character_set_client */;
/*!50503 SET character_set_client = utf8mb4 */;
CREATE TABLE `tbl_role` (
  `id` bigint NOT NULL AUTO_INCREMENT,
  `created_date` datetime(6) DEFAULT NULL,
  `description` varchar(255) DEFAULT NULL,
  `name` varchar(255) DEFAULT NULL,
  `update_date` datetime(6) DEFAULT NULL,
  `deleted_date` datetime(6) DEFAULT NULL,
  PRIMARY KEY (`id`)
) ENGINE=InnoDB AUTO_INCREMENT=5 DEFAULT CHARSET=utf8mb4 COLLATE=utf8mb4_0900_ai_ci;
/*!40101 SET character_set_client = @saved_cs_client */;

--
-- Dumping data for table `tbl_role`
--

LOCK TABLES `tbl_role` WRITE;
/*!40000 ALTER TABLE `tbl_role` DISABLE KEYS */;
INSERT INTO `tbl_role` VALUES (1,'2022-10-24 18:32:34.000000','Role user','ROLE_USER','2022-10-24 18:32:38.000000',NULL),(2,'2022-10-24 18:32:32.000000','Role admin','ROLE_ADMIN','2022-10-24 18:32:36.000000',NULL),(3,'2022-10-24 18:32:33.000000','Role staff','ROLE_STAFF','2022-10-24 18:32:37.000000',NULL),(4,'2022-11-30 14:32:30.000000','Role delivery person','ROLE_DELIVERY','2022-11-30 14:33:07.000000',NULL);
/*!40000 ALTER TABLE `tbl_role` ENABLE KEYS */;
UNLOCK TABLES;

--
-- Table structure for table `tbl_size`
--

DROP TABLE IF EXISTS `tbl_size`;
/*!40101 SET @saved_cs_client     = @@character_set_client */;
/*!50503 SET character_set_client = utf8mb4 */;
CREATE TABLE `tbl_size` (
  `id` bigint NOT NULL AUTO_INCREMENT,
  `created_date` datetime(6) DEFAULT NULL,
  `size` varchar(255) DEFAULT NULL,
  `update_date` datetime(6) DEFAULT NULL,
  `description` varchar(255) CHARACTER SET utf8 COLLATE utf8_general_ci DEFAULT NULL,
  `deleted_date` datetime(6) DEFAULT NULL,
  PRIMARY KEY (`id`)
) ENGINE=InnoDB AUTO_INCREMENT=19 DEFAULT CHARSET=utf8mb4 COLLATE=utf8mb4_0900_ai_ci;
/*!40101 SET character_set_client = @saved_cs_client */;

--
-- Dumping data for table `tbl_size`
--

LOCK TABLES `tbl_size` WRITE;
/*!40000 ALTER TABLE `tbl_size` DISABLE KEYS */;
INSERT INTO `tbl_size` VALUES (1,'2022-11-09 22:05:31.000000','S','2022-11-10 12:48:29.351000','Size US\nChiều cao: 150-155\nCân nặng: 40-45',NULL),(2,'2022-11-09 22:33:21.978000','M','2022-11-10 12:48:33.972000','Size US\nChiều cao: 156-160\nCân nặng: 43-46',NULL),(3,'2022-11-09 22:34:54.782000','L','2022-11-10 12:48:38.305000','Size US\nChiều cao: 160-164\nCân nặng: 46-53',NULL),(4,'2022-11-10 11:25:01.404000','XL','2022-11-10 12:48:42.916000','Size US\nChiều cao: 165-170\nCân nặng: 53-57',NULL),(5,'2022-11-10 11:25:16.940000','2XL','2022-11-10 12:48:47.390000','Size US\nChiều cao: 165-170\nCân nặng: 53-57',NULL),(11,'2023-01-02 17:15:55.702000','28','2023-01-02 17:15:55.702000','Size US\nChiều cao: 156-160\nCân nặng: 43-46',NULL),(12,'2023-01-02 17:16:02.553000','29','2023-01-02 17:16:02.553000','Size US\nChiều cao: 156-160\nCân nặng: 43-46',NULL),(13,'2023-01-02 17:16:08.537000','30','2023-01-02 17:16:08.537000','Size US\nChiều cao: 156-160\nCân nặng: 43-46',NULL),(14,'2023-01-02 17:16:27.958000','31','2023-01-02 17:16:27.958000','Size US\nChiều cao: 156-160\nCân nặng: 43-46',NULL),(15,'2023-01-02 17:16:52.059000','32','2023-01-02 17:16:52.059000','Size US\nChiều cao: 156-160\nCân nặng: 43-46',NULL),(16,'2023-01-02 17:17:01.398000','33','2023-01-02 17:17:01.398000','Size US\nChiều cao: 156-160\nCân nặng: 43-46',NULL),(17,'2023-01-02 17:17:16.728000','27','2023-01-02 17:17:16.728000','Size US\nChiều cao: 156-160\nCân nặng: 43-46',NULL),(18,NULL,'XXL','2023-01-07 09:51:10.209000','size lớn',NULL);
/*!40000 ALTER TABLE `tbl_size` ENABLE KEYS */;
UNLOCK TABLES;

--
-- Table structure for table `tbl_user`
--

DROP TABLE IF EXISTS `tbl_user`;
/*!40101 SET @saved_cs_client     = @@character_set_client */;
/*!50503 SET character_set_client = utf8mb4 */;
CREATE TABLE `tbl_user` (
  `id` bigint NOT NULL AUTO_INCREMENT,
  `created_date` datetime(6) DEFAULT NULL,
  `dob` varchar(255) DEFAULT NULL,
  `email` varchar(255) DEFAULT NULL,
  `enable` bit(1) DEFAULT NULL,
  `full_name` varchar(255) DEFAULT NULL,
  `gender` varchar(255) DEFAULT NULL,
  `password` varchar(255) DEFAULT NULL,
  `phone` varchar(255) DEFAULT NULL,
  `photo` varchar(255) DEFAULT NULL,
  `update_date` datetime(6) DEFAULT NULL,
  `role` bigint DEFAULT NULL,
  `deleted_date` datetime(6) DEFAULT NULL,
  PRIMARY KEY (`id`),
  KEY `FK1qhctjsa2f8n948vp5wvvdlmy` (`role`),
  CONSTRAINT `FK1qhctjsa2f8n948vp5wvvdlmy` FOREIGN KEY (`role`) REFERENCES `tbl_role` (`id`)
) ENGINE=InnoDB AUTO_INCREMENT=14 DEFAULT CHARSET=utf8mb4 COLLATE=utf8mb4_0900_ai_ci;
/*!40101 SET character_set_client = @saved_cs_client */;

--
-- Dumping data for table `tbl_user`
--

LOCK TABLES `tbl_user` WRITE;
/*!40000 ALTER TABLE `tbl_user` DISABLE KEYS */;
INSERT INTO `tbl_user` VALUES (4,'2022-10-24 21:34:36.670000','2001-06-25','hoadaknong101@gmail.com',_binary '','Phạm Đinh Quốc Hòa','Nam','$2a$10$LJlx15um6yHOwKz0rK1Km.qJcXkkHN4ixPlx1PMp5EmVpIBQ/A.BS','0388891635','fb200454044e46609d9a809a574a1b8b.jpg','2022-12-20 13:59:36.215000',2,NULL),(5,'2022-11-09 00:26:26.729000','2004-02-04','huongnguyen422004@gmail.com',_binary '','Nguyễn Thanh Hường','Nữ','$2a$10$sdb0qi2bjYWtesVLnt7wK.Im4iR1vcmttLLoooqTEwL9ihHWuv36O','0968858104','9b5f16f46f4f4ac7a89b21206340d4b6.JPG','2023-01-10 19:33:53.403000',1,NULL),(6,'2022-11-09 00:28:46.440000','1996-01-16','jenni@gmail.com',_binary '','Jennie Kim','Nữ','$2a$10$1hU/mEJGKlGAGbHfa2Y.2u8K7t7giuWk3lFTUj88p0Lx7uuZistim','0123456789','58473bb5523043f5b7bdabe1d1e4591a.jpg','2022-12-22 00:30:55.040000',1,NULL),(10,'2022-12-25 23:06:23.178000','1997-02-11','rosie@gmail.com',_binary '','Rosé','Nữ','$2a$10$EYXXkAh/qIozOdlrYJL2hOOjKZz9PLjDMnJe2he2T/DbzamDfOaZK','0989898989','247c7211dd37485ba2916b6a913f65a4.png','2023-01-07 10:09:01.218000',1,NULL),(11,'2023-01-01 13:41:16.024000',NULL,NULL,_binary '','Phạm Đinh Quốc Dương',NULL,'$2a$10$dHi7leev4NwjQ6FtKTtT8e9YQzLNe1PeM5gFE8mHD9pR.icLwtpd2','0977753732','user_default.png','2023-01-01 13:41:16.024000',1,NULL),(13,'2023-01-06 15:39:18.795000',NULL,NULL,_binary '','Anh Tien',NULL,'$2a$10$8xbmiNCUTpYdFYC/Yjyvgeq9/iBDiMe.jW1L57gVu4rnZUktEHzee','0972358764','user_default.png','2023-01-07 09:53:19.801000',1,NULL);
/*!40000 ALTER TABLE `tbl_user` ENABLE KEYS */;
UNLOCK TABLES;

--
-- Table structure for table `tbl_variant`
--

DROP TABLE IF EXISTS `tbl_variant`;
/*!40101 SET @saved_cs_client     = @@character_set_client */;
/*!50503 SET character_set_client = utf8mb4 */;
CREATE TABLE `tbl_variant` (
  `id` bigint NOT NULL AUTO_INCREMENT,
  `color_id` bigint DEFAULT NULL,
  `created_date` datetime(6) DEFAULT NULL,
  `image` varchar(255) DEFAULT NULL,
  `inventory` bigint DEFAULT NULL,
  `product_id` bigint DEFAULT NULL,
  `size_id` bigint DEFAULT NULL,
  `update_date` datetime(6) DEFAULT NULL,
  `deleted_date` datetime(6) DEFAULT NULL,
  `price` bigint DEFAULT NULL,
  PRIMARY KEY (`id`)
) ENGINE=InnoDB AUTO_INCREMENT=225 DEFAULT CHARSET=utf8mb4 COLLATE=utf8mb4_0900_ai_ci;
/*!40101 SET character_set_client = @saved_cs_client */;

--
-- Dumping data for table `tbl_variant`
--

LOCK TABLES `tbl_variant` WRITE;
/*!40000 ALTER TABLE `tbl_variant` DISABLE KEYS */;
INSERT INTO `tbl_variant` VALUES (11,12,'2022-12-09 10:00:13.880000','81be271f516c40afb7906b5d04e6765d.JPG',10,15,1,'2022-12-09 10:00:13.880000',NULL,NULL),(12,12,'2022-12-09 10:00:13.888000','6f23c55627f64223a85509bc70335828.JPG',10,15,2,'2022-12-09 10:00:13.888000',NULL,NULL),(13,12,'2022-12-09 10:00:13.895000','9b634079889d49f09dadba811fea5e8c.JPG',8,15,3,'2022-12-09 10:00:13.895000',NULL,NULL),(14,12,'2022-12-09 10:00:13.903000','215d1b52a54a40bc859b272582132a1e.JPG',10,15,4,'2022-12-09 10:00:13.903000',NULL,NULL),(15,13,'2022-12-09 10:00:13.910000','0c3e8426cf654390823dc12d2f92c64b.JPG',10,15,2,'2022-12-09 10:00:13.910000',NULL,NULL),(16,13,'2022-12-09 10:00:13.919000','27aa0bf93fbc4f3c8f8f4ac49813c3e9.JPG',7,15,3,'2022-12-09 10:00:13.919000',NULL,NULL),(17,14,'2022-12-09 10:00:13.926000','57aafabf2f614a658f1b1b34a42360fa.JPG',8,15,1,'2022-12-09 10:00:13.926000',NULL,NULL),(18,14,'2022-12-09 10:00:13.932000','bed7b38121964d5f8df7a38c394ceab9.JPG',10,15,3,'2022-12-09 10:00:13.932000',NULL,NULL),(19,14,'2022-12-09 10:00:13.939000','fd9146a31c6445a7b9215a5c583d496d.JPG',10,15,4,'2022-12-09 10:00:13.939000',NULL,NULL),(20,14,'2022-12-09 10:00:13.946000','aab52e9e3aac4533bd98757fdd6b4826.JPG',10,15,5,'2022-12-09 10:00:13.946000',NULL,NULL),(21,15,'2022-12-09 10:00:13.952000','e0c5b6f2397c49d48b2636caebcbd00a.JPG',10,15,1,'2022-12-09 10:00:13.952000',NULL,NULL),(22,15,'2022-12-09 10:00:13.958000','4f50f02ab3bd44dd8e8057b05f757e73.JPG',4,15,2,'2022-12-09 10:00:13.958000',NULL,NULL),(23,13,'2022-12-09 10:00:13.964000','0a8e1072eceb4cbabe780628b84fe754.JPG',10,15,3,'2022-12-09 10:00:13.964000',NULL,NULL),(24,13,'2022-12-09 10:00:13.970000','40dde3fd0a8e4d459107459ecba51c86.JPG',12,15,4,'2022-12-09 10:00:13.970000',NULL,NULL),(25,12,'2022-12-09 10:04:09.918000','e989ae0e06e247f6a4ea272974fc8aa8.JPG',10,16,1,'2022-12-09 10:04:09.918000',NULL,NULL),(26,12,'2022-12-09 10:04:09.926000','6c6113fadead451dbad01494e3926ea3.JPG',10,16,2,'2022-12-09 10:04:09.926000',NULL,NULL),(27,12,'2022-12-09 10:04:09.934000','94e3369ba0434ba0a0a8eb12c4ddead1.JPG',10,16,3,'2022-12-09 10:04:09.934000',NULL,NULL),(28,12,'2022-12-09 10:04:09.945000','f21507abec4144a08c90df5614fb4988.JPG',11,16,4,'2022-12-09 10:04:09.945000',NULL,NULL),(39,16,'2022-12-09 10:17:29.929000','409b6bcb0a38426cbde463d6ec9c1b62.JPG',11,19,2,'2022-12-09 10:17:29.929000',NULL,NULL),(40,16,'2022-12-09 10:17:29.936000','272f90a0d3b045dcbeb4a54457c30e56.JPG',11,19,3,'2022-12-09 10:17:29.936000',NULL,NULL),(41,13,'2022-12-09 10:17:29.942000','ff135b6fed314442a125812d671f0972.JPG',11,19,2,'2022-12-09 10:17:29.942000',NULL,NULL),(42,13,'2022-12-09 10:17:29.949000','92a993df53b54712b8288c51e945763a.JPG',11,19,3,'2022-12-09 10:17:29.949000',NULL,NULL),(43,16,'2022-12-09 16:39:54.913000','b15c98c8c5aa4b2a97b0cf33cc671a71.JPG',11,20,1,'2022-12-09 16:39:54.913000',NULL,NULL),(44,16,'2022-12-09 16:39:54.943000','5c2fcbadc31142be9472ba72df26d56d.JPG',11,20,2,'2022-12-09 16:39:54.943000',NULL,NULL),(45,16,'2022-12-09 16:39:54.954000','e59914b101964281880c7e276240f408.JPG',11,20,3,'2022-12-09 16:39:54.954000',NULL,NULL),(46,15,'2022-12-09 16:39:54.965000','c187cb6c09734f1db0d12ee4a70e6ec5.JPG',11,20,1,'2022-12-09 16:39:54.965000',NULL,NULL),(47,15,'2022-12-09 16:39:54.975000','47957a938a874297ac5021536064ae4c.JPG',11,20,2,'2022-12-09 16:39:54.975000',NULL,NULL),(48,15,'2022-12-09 16:39:54.991000','899b566ee40942ff94da21e159b2e6f7.JPG',11,20,3,'2022-12-09 16:39:54.991000',NULL,NULL),(49,15,'2022-12-09 16:39:55.006000','4c56823e846843039cd4d7fa54d30de3.JPG',11,20,4,'2022-12-09 16:39:55.006000',NULL,NULL),(71,15,'2022-12-09 16:51:11.529000','e8f3c78f6dcd4ddcb2b2930ab9b1a616.JPG',11,28,2,'2022-12-09 16:51:11.529000',NULL,NULL),(72,15,'2022-12-09 16:51:11.536000','34434c62672b4eb3ae613fd4f2bbae72.JPG',11,28,3,'2022-12-09 16:51:11.536000',NULL,NULL),(73,17,'2022-12-09 16:51:11.543000','3a5bc5a961fc4f298b74a2dae27ee4cc.JPG',11,28,1,'2022-12-09 16:51:11.543000',NULL,NULL),(74,17,'2022-12-09 16:51:11.549000','7f88ffd3f40e4ba99870d9c7a6b4d2f6.JPG',11,28,3,'2022-12-09 16:51:11.549000',NULL,NULL),(75,19,'2022-12-09 16:57:41.406000','245f8def608846beb7677af1b8d31a54.JPG',11,29,1,'2022-12-09 16:57:41.406000',NULL,NULL),(76,19,'2022-12-09 16:57:41.416000','d52135e8d94340829cddbb005a63a13a.JPG',11,29,3,'2022-12-09 16:57:41.416000',NULL,NULL),(77,19,'2022-12-09 16:57:41.425000','d2287536420947c39a2798c1fbda04dc.JPG',11,29,4,'2022-12-09 16:57:41.425000',NULL,NULL),(78,20,'2022-12-09 16:57:41.434000','90c49e741f024dc984d39e61a90a2334.JPG',11,29,1,'2022-12-09 16:57:41.434000',NULL,NULL),(79,20,'2022-12-09 16:57:41.451000','75a0180d4e8648319138c8533be2f8fe.JPG',11,29,2,'2022-12-09 16:57:41.451000',NULL,NULL),(80,20,'2022-12-09 16:57:41.462000','5eb639da528a43dc8ecbab0c52f91242.JPG',11,29,3,'2022-12-09 16:57:41.462000',NULL,NULL),(81,20,'2022-12-09 16:57:41.470000','3b3e9df390a8404c9e1ec0edf1b01754.JPG',11,29,4,'2022-12-09 16:57:41.470000',NULL,NULL),(82,20,'2022-12-09 16:57:41.478000','91dc42ef4578468fa392d08de372a8bd.JPG',11,29,5,'2022-12-09 16:57:41.478000',NULL,NULL),(87,13,'2022-12-12 22:18:47.106000','7a79c635638d4507b4192d15303b43f9.JPG',11,31,1,'2022-12-12 22:18:47.106000',NULL,NULL),(88,13,'2022-12-12 22:18:47.115000','7cdef7b1860a4f3eb22d4c5126f9c05e.JPG',11,31,2,'2022-12-12 22:18:47.115000',NULL,NULL),(89,13,'2022-12-12 22:18:47.122000','3f5ac131926d402e91896deff34837c0.JPG',11,31,3,'2022-12-12 22:18:47.122000',NULL,NULL),(90,15,'2022-12-12 22:18:47.130000','274dcbba04af443a8ec87b34215a065c.JPG',11,31,2,'2022-12-12 22:18:47.130000',NULL,NULL),(91,15,'2022-12-12 22:18:47.136000','16291a7d541c41988011072dcbaecc24.JPG',11,31,3,'2022-12-12 22:18:47.136000',NULL,NULL),(92,20,'2022-12-15 15:29:41.081000','e5e42151d9b942f5ba94a4fe9029c0ae.JPG',5,32,1,'2023-01-07 08:50:11.969000',NULL,NULL),(93,20,'2022-12-15 15:29:41.087000','b88aa0a58c78406c8d2b72ef955e7e4f.JPG',11,32,2,'2022-12-15 15:29:41.087000',NULL,NULL),(94,16,'2022-12-15 15:29:41.092000','c184b860de5d4150a34e0e09933c75ad.JPG',11,32,3,'2022-12-15 15:29:41.092000',NULL,NULL),(95,16,'2022-12-15 15:29:41.097000','e725d77c48694a40bd19625cfb1befd2.JPG',11,32,4,'2022-12-15 15:29:41.097000',NULL,NULL),(96,16,'2022-12-15 15:29:41.104000','142b73d9ed6b4548baf47c8b4dd7cee2.JPG',11,32,1,'2022-12-15 15:29:41.104000',NULL,NULL),(97,19,'2022-12-15 15:35:51.643000','a869d6f8c532490ca7179824e3c457a6.jpg',11,33,1,'2022-12-15 15:35:51.643000',NULL,NULL),(98,19,'2022-12-15 15:35:51.651000','36a7ca0367ac44e48debd8cf7ba3e7d1.jpg',11,33,2,'2022-12-15 15:35:51.651000',NULL,NULL),(99,19,'2022-12-15 15:35:51.659000','909539e41fba466f9f9a0e633007c6c4.jpg',11,33,3,'2022-12-15 15:35:51.659000',NULL,NULL),(100,15,'2022-12-15 15:35:51.666000','48d87f8585044eafa5345b324b32c925.jpg',11,33,2,'2022-12-15 15:35:51.666000',NULL,NULL),(101,15,'2022-12-15 15:35:51.674000','14c6a0804ed548c7ba56c0d61c86027b.jpg',11,33,3,'2022-12-15 15:35:51.674000',NULL,NULL),(102,12,'2022-12-15 15:52:54.380000','53f6ab07bff943fdb5aee0283a326a56.JPG',11,34,1,'2022-12-15 15:52:54.380000',NULL,NULL),(103,12,'2022-12-15 15:52:54.389000','110a05da453c417fa52a4936638ef318.JPG',11,34,2,'2022-12-15 15:52:54.389000',NULL,NULL),(104,12,'2022-12-15 15:52:54.397000','7f4f17e3a17941d9b1b6350730c423d6.JPG',11,34,3,'2022-12-15 15:52:54.397000',NULL,NULL),(105,16,'2022-12-15 15:52:54.405000','3eda0258c48345e2a7faa250e2a6ea78.JPG',11,34,2,'2022-12-15 15:52:54.405000',NULL,NULL),(106,16,'2022-12-15 15:52:54.412000','31db21302c504c18b62ccedf7d185e4b.JPG',11,34,3,'2022-12-15 15:52:54.412000',NULL,NULL),(107,16,'2022-12-15 15:52:54.419000','6843ca8b26004bb6bb6a1649e021c336.JPG',11,34,4,'2022-12-15 15:52:54.419000',NULL,NULL),(108,13,'2022-12-15 15:58:48.729000','19e12feda73443309180ecd0fccdc1a5.JPG',11,35,1,'2022-12-15 15:58:48.729000',NULL,NULL),(109,13,'2022-12-15 15:58:48.736000','3995ef81540a4886a6402c481149cb34.JPG',11,35,2,'2022-12-15 15:58:48.736000',NULL,NULL),(110,13,'2022-12-15 15:58:48.743000','4e3015b3d93841e4b5e253d0f2fd25f6.JPG',11,35,3,'2022-12-15 15:58:48.743000',NULL,NULL),(111,15,'2022-12-15 16:05:07.177000','f8dc735ce70c4a50999cf0faa9ef2356.JPG',11,36,1,'2022-12-15 16:05:07.177000',NULL,NULL),(112,15,'2022-12-15 16:05:07.185000','8127317af1854368abae4652659a5961.JPG',11,36,2,'2022-12-15 16:05:07.185000',NULL,NULL),(113,15,'2022-12-15 16:05:07.193000','481222aba7a245c5be7740609916c8a2.JPG',15,36,3,'2022-12-15 16:05:07.193000',NULL,NULL),(115,21,'2022-12-26 21:52:06.551000','5da193a704564910820e64ca1d17f94c.JPG',15,38,1,'2022-12-26 21:52:06.551000',NULL,NULL),(116,21,'2022-12-26 21:52:06.559000','c9a0fda0ef864498bb99af62571acffb.JPG',15,38,2,'2022-12-26 21:52:06.559000',NULL,NULL),(117,21,'2022-12-26 21:52:06.565000','f4a70a942ed74c9cb371a1388d7d2c43.JPG',19,38,3,'2022-12-26 21:52:06.565000',NULL,NULL),(118,15,'2022-12-26 21:52:06.572000','5e712705ad994874b076bbe5068c8956.JPG',15,38,2,'2022-12-26 21:52:06.572000',NULL,NULL),(119,15,'2022-12-26 21:52:06.578000','ef19a040dfdf48b3b4119e9dbcfeafe9.JPG',15,38,3,'2022-12-26 21:52:06.578000',NULL,NULL),(120,15,'2022-12-26 21:52:06.584000','22d9b9cd140148dabc921af0e1b602b4.JPG',17,38,4,'2022-12-26 21:52:06.584000',NULL,NULL),(121,22,'2022-12-26 21:58:43.527000','6c1fda49f77e4f1ca2afd1f33d21554a.jpg',11,39,1,'2022-12-26 21:58:43.527000',NULL,NULL),(122,22,'2022-12-26 21:58:43.535000','74ff65258a67429e9fb5deb25d61f6eb.jpg',16,39,2,'2022-12-26 21:58:43.535000',NULL,NULL),(123,22,'2022-12-26 21:58:43.543000','93659cc888ce424cb5f05d01d64c9e3e.jpg',19,39,3,'2022-12-26 21:58:43.543000',NULL,NULL),(124,16,'2022-12-26 21:58:43.550000','7f0aa8bb29c446bf915a82128a083d67.jpg',15,39,1,'2022-12-26 21:58:43.550000',NULL,NULL),(125,16,'2022-12-26 21:58:43.557000','6ce0201a8f4d4ef9bfa5cefc2fb8ba2b.jpg',20,39,3,'2022-12-26 21:58:43.557000',NULL,NULL),(126,16,'2022-12-26 22:02:50.248000','6b37ac4ee39847eab0d3487993a40d0e.JPG',18,40,1,'2022-12-26 22:02:50.248000',NULL,NULL),(127,16,'2022-12-26 22:02:50.256000','0823462f85bc4027a85d9dd9a1fb5829.JPG',18,40,2,'2022-12-26 22:02:50.256000',NULL,NULL),(128,16,'2022-12-26 22:02:50.264000','f21ece823bcf447bb7bfd8f9cb89e638.JPG',10,40,3,'2022-12-26 22:02:50.264000',NULL,NULL),(129,15,'2022-12-26 22:02:50.271000','59bba8ee79fd4477bfa470d8237d1bae.JPG',19,40,3,'2022-12-26 22:02:50.271000',NULL,NULL),(130,15,'2022-12-26 22:02:50.277000','1a07263104514cb286df96caa62c813e.JPG',16,40,1,'2022-12-26 22:02:50.277000',NULL,NULL),(131,15,'2022-12-26 23:03:30.000000','d84ea9bd4180475fb8e9c07ef6b3e41d.jpg',14,41,3,'2022-12-26 23:03:30.000000',NULL,NULL),(132,26,'2022-12-26 23:09:51.200000','941be50f36394c9a8fa7e47dd25d32b3.jpg',5,42,1,'2022-12-26 23:09:51.200000',NULL,NULL),(133,26,'2022-12-26 23:09:51.206000','0438f3d199a44dd68c047808aa431339.jpg',16,42,2,'2022-12-26 23:09:51.206000',NULL,NULL),(134,26,'2022-12-26 23:09:51.213000','7deaa6dd7d3946529a312876b936d31f.jpg',13,42,3,'2022-12-26 23:09:51.213000',NULL,NULL),(135,25,'2022-12-26 23:09:51.220000','f8021db26faa406396cdc9bff7354a2c.jpg',12,42,2,'2022-12-26 23:09:51.220000',NULL,NULL),(136,25,'2022-12-26 23:09:51.227000','e8b39eebdd5b4b1db8400a0807ed7f8a.jpg',14,42,3,'2022-12-26 23:09:51.227000',NULL,NULL),(137,15,'2022-12-26 23:09:51.235000','014f5e0eecfc4488a61c6c998d6dc61b.jpg',8,42,1,'2022-12-26 23:09:51.235000',NULL,NULL),(138,15,'2022-12-26 23:09:51.243000','9ecbbe00fbf54b07841c9cd006018b9d.jpg',12,42,4,'2022-12-26 23:09:51.243000',NULL,NULL),(139,15,'2022-12-26 23:09:51.249000','8f3f39f390f04b1992cbc6014804e5df.jpg',15,42,3,'2022-12-26 23:09:51.249000',NULL,NULL),(140,16,'2022-12-26 23:09:51.255000','fbeebe29267547d99f5131dfe97cc8c9.jpg',14,42,2,'2022-12-26 23:09:51.255000',NULL,NULL),(141,16,'2022-12-26 23:09:51.261000','46ea409556334ccfbd75432f2c582fa9.jpg',20,42,1,'2022-12-26 23:09:51.261000',NULL,NULL),(142,15,'2022-12-26 23:16:25.072000','c50a29b8820c487db00829c6730f0f72.jpg',10,43,1,'2022-12-26 23:16:25.072000',NULL,NULL),(143,15,'2022-12-26 23:16:25.077000','5e46ef4f1c234812a57f8291e7ff0b16.jpg',14,43,2,'2022-12-26 23:16:25.077000',NULL,NULL),(144,15,'2022-12-26 23:16:25.083000','00204349f197462e998ac9d790835585.jpg',14,43,3,'2022-12-26 23:16:25.083000',NULL,NULL),(145,24,'2022-12-26 23:16:25.088000','32826f9cd0ea473286d07c19313eb67b.jpg',9,43,2,'2022-12-26 23:16:25.088000',NULL,NULL),(146,24,'2022-12-26 23:16:25.094000','eb37d4408d9e41fd99a30273fb0d8404.jpg',11,43,3,'2022-12-26 23:16:25.094000',NULL,NULL),(147,23,'2022-12-26 23:16:25.099000','f0d9372f174448eaaed5a8e4488e7d89.jpg',15,43,1,'2022-12-26 23:16:25.099000',NULL,NULL),(148,23,'2022-12-26 23:16:25.105000','f8f70fbfd352464eb102bdaaee498cd7.jpg',15,43,3,'2022-12-26 23:16:25.105000',NULL,NULL),(149,23,'2022-12-26 23:16:25.113000','3bf84d2bfdb341bebf9c883484a85120.jpg',13,43,4,'2022-12-26 23:16:25.113000',NULL,NULL),(150,22,'2022-12-26 23:16:25.119000','f9c511509d0d4cb5b5e2c5faf4df5944.jpg',15,43,3,'2022-12-26 23:16:25.119000',NULL,NULL),(151,22,'2022-12-26 23:16:25.124000','3ce34da429874650a85ee833ae59d02f.jpg',11,43,4,'2022-12-26 23:16:25.124000',NULL,NULL),(152,25,'2022-12-26 23:16:25.129000','7556fb3dd0e84c2390df193183c351eb.jpg',15,43,3,'2022-12-26 23:16:25.129000',NULL,NULL),(153,25,'2022-12-26 23:16:25.135000','ac631876f04b4eddbc5d89844a2916a1.jpg',10,43,4,'2022-12-26 23:16:25.135000',NULL,NULL),(154,16,'2022-12-26 23:16:25.140000','cbc7a6ca044f47ac92f3a1ec45c8676f.jpg',16,43,3,'2022-12-26 23:16:25.140000',NULL,NULL),(155,16,'2022-12-26 23:16:25.146000','02ef8c9a19ba4d109954d1e46a19b1c5.jpg',13,43,4,'2022-12-26 23:16:25.146000',NULL,NULL),(156,15,'2023-01-02 14:57:43.551000','30f776f6769d41eab058ceff1b5637f5.jpg',17,44,3,'2023-01-02 14:57:43.551000',NULL,NULL),(157,15,'2023-01-02 14:57:43.557000','631cb007b2604a4ca74afc7c51654754.jpg',17,44,4,'2023-01-02 14:57:43.557000',NULL,NULL),(158,16,'2023-01-02 14:57:43.563000','008af13767b648cdb8d03c12cd1b4e84.jpg',15,44,4,'2023-01-02 14:57:43.563000',NULL,NULL),(159,23,'2023-01-02 14:57:43.569000','636b90741b244d3086e706ed6c2805e0.jpg',17,44,4,'2023-01-02 14:57:43.569000',NULL,NULL),(160,12,'2023-01-02 15:00:40.950000','10f43629605c4470849a8ddf96383394.jpg',15,45,2,'2023-01-02 15:00:40.950000',NULL,NULL),(161,12,'2023-01-02 15:00:40.958000','424ab6897cd340db8e7291c340555146.jpg',15,45,3,'2023-01-02 15:00:40.958000',NULL,NULL),(162,25,'2023-01-02 15:00:40.967000','585ae00023a145ae965db4b989eafb69.jpg',19,45,3,'2023-01-02 15:00:40.967000',NULL,NULL),(163,25,'2023-01-02 15:00:40.974000','8b4b0758831f423a974b5ce04ac7bddd.jpg',19,45,4,'2023-01-02 15:00:40.974000',NULL,NULL),(164,15,'2023-01-02 15:03:02.627000','2cdf07d9927f4650955c44e03c64a68c.jpg',10,46,1,'2023-01-02 15:03:02.627000',NULL,NULL),(165,15,'2023-01-02 15:03:02.633000','5f4701ee2b5b492e9324609100fb4969.jpg',11,46,2,'2023-01-02 15:03:02.633000',NULL,NULL),(166,15,'2023-01-02 15:03:02.640000','8a3e334b77914c9c894fb8b212a809b8.jpg',16,46,3,'2023-01-02 15:03:02.640000',NULL,NULL),(167,21,'2023-01-02 15:03:02.647000','f8cca76523064e0c857837a6d48b3636.jpg',10,46,1,'2023-01-02 15:03:02.647000',NULL,NULL),(168,17,'2023-01-02 15:03:02.653000','5b57a41a23eb48dc98e45ac4fa648c5f.jpg',13,46,3,'2023-01-02 15:03:02.653000',NULL,NULL),(169,16,'2023-01-02 15:03:02.658000','b8f8b3b32b594e2093918c25b04fcc8b.jpg',11,46,2,'2023-01-07 10:03:48.602000',NULL,NULL),(170,16,'2023-01-02 15:03:02.666000','8951360dce5f43f3a6a3d3b38d7778b7.jpg',7,46,4,'2023-01-07 10:03:48.627000',NULL,NULL),(171,25,'2023-01-02 17:09:59.212000','937ff5a880c6469f88c5faf0ba6dfd44.jpg',20,47,1,'2023-01-02 17:09:59.212000',NULL,NULL),(172,25,'2023-01-02 17:09:59.223000','591655d036fd4d5b993d7f8d5bb18647.jpg',15,47,2,'2023-01-02 17:09:59.223000',NULL,NULL),(173,25,'2023-01-02 17:09:59.231000','a9194a53dd2349ab83b07ef87fadf5c3.jpg',14,47,3,'2023-01-02 17:09:59.231000',NULL,NULL),(174,21,'2023-01-02 17:09:59.241000','12ff9a70a42041728bc23ff83411e375.jpg',10,47,2,'2023-01-02 17:09:59.241000',NULL,NULL),(175,21,'2023-01-02 17:09:59.251000','dae5b3062cfe401688a0028c5ef66fd5.jpg',17,47,3,'2023-01-02 17:09:59.251000',NULL,NULL),(176,21,'2023-01-02 17:09:59.259000','ee10e234eeec4a6aba0a1776f6bdc333.jpg',13,47,4,'2023-01-02 17:09:59.259000',NULL,NULL),(177,25,'2023-01-02 17:13:08.785000','278542fa26b7412699c94cbc37cc24b5.jpg',13,48,1,'2023-01-02 17:13:08.785000',NULL,NULL),(178,25,'2023-01-02 17:13:08.792000','b4097250968c45f492085b1eb2e835cd.jpg',14,48,2,'2023-01-02 17:13:08.792000',NULL,NULL),(179,25,'2023-01-02 17:13:08.798000','c1641dc05ea24e1ea1eef3d513a33113.jpg',14,48,3,'2023-01-02 17:13:08.798000',NULL,NULL),(180,15,'2023-01-02 17:13:08.804000','b33e103fd4ff4c99abee6364fcdcecf4.jpg',11,48,2,'2023-01-02 17:13:08.804000',NULL,NULL),(181,15,'2023-01-02 17:13:08.810000','347ee95018ae4963909a9bb375c71ba9.jpg',11,48,3,'2023-01-02 17:13:08.810000',NULL,NULL),(182,18,'2023-01-02 17:13:08.815000','f418109211464dd583129ebf31b25e1e.jpg',9,48,3,'2023-01-02 17:13:08.815000',NULL,NULL),(183,21,'2023-01-02 17:20:08.187000','0b5969ba51bf4a938c75eed9b2096e62.jpg',13,49,12,'2023-01-02 17:20:08.187000',NULL,NULL),(184,21,'2023-01-02 17:20:08.194000','c87db004b34d4156b59178214f2bb597.jpg',15,49,13,'2023-01-02 17:20:08.194000',NULL,NULL),(185,21,'2023-01-02 17:20:08.203000','ef37ad67a34c4bb1b4153d7ed47485b3.jpg',19,49,14,'2023-01-02 17:20:08.203000',NULL,NULL),(186,15,'2023-01-02 17:20:08.210000','1f1ccc1a31124f2d8a9520534d44b8ec.jpg',19,49,16,'2023-01-02 17:20:08.210000',NULL,NULL),(187,15,'2023-01-02 17:20:08.217000','9757874b3cae4496bb835131448980e4.jpg',14,49,15,'2023-01-02 17:20:08.217000',NULL,NULL),(188,16,'2023-01-02 17:20:08.225000','ed24e096dfda4f768210d2fdfbabb0f5.jpg',8,49,12,'2023-01-02 17:20:08.225000',NULL,NULL),(189,16,'2023-01-02 17:20:08.232000','62d1a73983f74d2eb1fd74ec1b7329c3.jpg',13,49,13,'2023-01-02 17:20:08.232000',NULL,NULL),(190,16,'2023-01-02 17:20:08.238000','ca6363105f8940aab59faea84f4a30a6.jpg',13,49,14,'2023-01-02 17:20:08.238000',NULL,NULL),(191,15,'2023-01-02 17:23:01.128000','b24249f4a1934c879f184aa32abd749d.jpg',13,50,13,'2023-01-02 17:23:01.128000',NULL,NULL),(192,15,'2023-01-02 17:23:01.136000','29d87c1748474ec987fd6fe18d551815.jpg',13,50,14,'2023-01-02 17:23:01.136000',NULL,NULL),(193,15,'2023-01-02 17:23:01.144000','4cb54382bd634d9bb29d5472145e8ac7.jpg',21,50,15,'2023-01-02 17:23:01.144000',NULL,NULL),(194,16,'2023-01-02 17:23:01.153000','6f48c3996cfd4021811a1cdce4d81f67.jpg',14,50,14,'2023-01-02 17:23:01.153000',NULL,NULL),(195,15,'2023-01-02 17:23:01.161000','d7dfdada6ed64fccbf9d6afbdf257b12.jpg',11,50,15,'2023-01-02 17:23:01.161000',NULL,NULL),(196,16,'2023-01-02 17:23:01.168000','3a1e9c4993e44833a88c4f2f0dd4c55e.jpg',15,50,16,'2023-01-02 17:23:01.168000',NULL,NULL),(197,16,'2023-01-02 17:32:02.283000','b68ccd3a3ddf4b289950ad3179990c6d.jpg',10,51,13,'2023-01-02 17:32:02.283000',NULL,NULL),(198,16,'2023-01-02 17:32:02.290000','c89cec6a7184429d85877449adfb4a40.jpg',10,51,14,'2023-01-02 17:32:02.290000',NULL,NULL),(199,16,'2023-01-02 17:32:02.297000','e5baf6bad4ed4575964e2705ff8836f9.jpg',8,51,16,'2023-01-02 17:32:02.297000',NULL,NULL),(200,15,'2023-01-02 17:32:02.302000','4f4b26e5e46d46c4bcbe32c974b483cf.jpg',9,51,12,'2023-01-02 17:32:02.302000',NULL,NULL),(201,15,'2023-01-02 17:32:02.306000','ed1bb733f68e4c3c971779da06824733.jpg',17,51,15,'2023-01-02 17:32:02.306000',NULL,NULL),(202,27,'2023-01-02 17:32:02.316000','d7bd081636ae4fdab9f7957aeb87e2c9.jpg',17,51,16,'2023-01-02 17:32:02.316000',NULL,NULL),(203,27,'2023-01-02 17:32:02.321000','ed2f9d4412dc45c49407d70d3b4fd54a.jpg',15,51,15,'2023-01-02 17:32:02.321000',NULL,NULL),(204,24,'2023-01-02 17:32:02.327000','261692ee9c634f2b84ccfb94dc2201f6.jpg',19,51,14,'2023-01-02 17:32:02.327000',NULL,NULL),(205,12,'2023-01-07 09:43:16.579000','2d357ac5b1314a7dbd5cfd10026462b2.jpg',12,52,1,'2023-01-07 09:43:16.579000',NULL,NULL),(206,12,'2023-01-07 09:43:16.590000','ec356fc7ee8b414cbb96b7311b47a335.jpg',10,52,2,'2023-01-07 09:43:16.590000',NULL,NULL),(207,12,'2023-01-07 09:43:23.296000','ab970231f5c3448d9f4f2083a650667a.jpg',12,53,1,'2023-01-07 09:43:23.296000',NULL,NULL),(208,12,'2023-01-07 09:43:23.307000','0e62fdcfae5b47f1b2e987c9994d1997.jpg',10,53,2,'2023-01-07 09:43:23.307000',NULL,NULL),(209,12,'2023-01-07 09:43:31.796000','a0300073d3e14f119e536db36d0b0d60.jpg',12,54,1,'2023-01-07 09:43:31.796000',NULL,NULL),(210,12,'2023-01-07 09:43:31.805000','a5c5c82f77fc4871a9d7e82b7b5286c3.jpg',10,54,2,'2023-01-07 09:43:31.805000',NULL,NULL),(211,12,'2023-01-07 09:44:14.886000','85c5de537b904354ac0df5ae6ad1d8fa.jpg',10,55,1,'2023-01-07 09:44:14.886000',NULL,NULL),(212,12,'2023-01-07 09:44:18.224000','ea66f91ae8c94efaa9500e9ce9a18f2c.jpg',10,56,1,'2023-01-07 09:44:18.224000',NULL,NULL),(213,12,'2023-01-07 09:44:21.116000','335640872de04db78e8f69cd788bae9a.jpg',10,57,1,'2023-01-07 09:44:21.116000',NULL,NULL),(214,12,'2023-01-07 09:44:22.824000','917fe760cc9a4625ad1f2138cb2d6f86.jpg',10,58,1,'2023-01-07 09:44:22.824000',NULL,NULL),(215,12,'2023-01-07 09:44:24.568000','45882a0021f84ed2a3dd9b384c1bf746.jpg',10,59,1,'2023-01-07 09:44:24.568000',NULL,NULL),(216,12,'2023-01-07 09:44:27.510000','64b7a11a955a482ba5328226b009d1d8.jpg',10,60,1,'2023-01-07 09:44:27.510000',NULL,NULL),(217,12,'2023-01-07 09:44:27.780000','2b24b82444b24868adab5802136dc73b.jpg',10,61,1,'2023-01-07 09:44:27.780000',NULL,NULL),(218,12,'2023-01-07 09:44:30.048000','660ddb02c736455180ba57f54a48de69.jpg',10,62,1,'2023-01-07 09:44:30.048000',NULL,NULL),(219,12,'2023-01-07 09:44:30.950000','554296cc0420412e92f2296ee32c5b53.jpg',10,63,1,'2023-01-07 09:44:30.950000',NULL,NULL),(220,12,'2023-01-07 09:44:32.464000','b8a49194fb4f46bfa73c21e927dec7cd.jpg',10,64,1,'2023-01-07 09:44:32.464000',NULL,NULL),(221,12,'2023-01-07 09:44:32.570000','11fc00d7da2946bf9e3b555b12dc655b.jpg',10,65,1,'2023-01-07 09:44:32.570000',NULL,NULL),(222,12,'2023-01-07 09:44:34.319000','977cc3fde572418c95de08599c4f4768.jpg',10,66,1,'2023-01-07 09:44:34.319000',NULL,NULL),(223,12,'2023-01-07 09:44:35.427000','000d548f9f3b4e0f896acfc634165f45.jpg',10,67,1,'2023-01-07 09:44:35.427000',NULL,NULL),(224,12,'2023-01-07 09:44:37.286000','0f4ef1dfbf91429fba40cab788b2b5c3.jpg',10,68,1,'2023-01-07 09:44:37.286000',NULL,NULL);
/*!40000 ALTER TABLE `tbl_variant` ENABLE KEYS */;
UNLOCK TABLES;

--
-- Table structure for table `tbl_voucher`
--

DROP TABLE IF EXISTS `tbl_voucher`;
/*!40101 SET @saved_cs_client     = @@character_set_client */;
/*!50503 SET character_set_client = utf8mb4 */;
CREATE TABLE `tbl_voucher` (
  `id` bigint NOT NULL AUTO_INCREMENT,
  `code` varchar(255) DEFAULT NULL,
  `created_date` datetime(6) DEFAULT NULL,
  `description` varchar(255) DEFAULT NULL,
  `expired_date` datetime(6) DEFAULT NULL,
  `max_value` bigint DEFAULT NULL,
  `photo` varchar(255) DEFAULT NULL,
  `type` varchar(255) DEFAULT NULL,
  `update_date` datetime(6) DEFAULT NULL,
  `value` decimal(19,2) DEFAULT NULL,
  `value_requirement` bigint DEFAULT NULL,
  `title` varchar(255) DEFAULT NULL,
  PRIMARY KEY (`id`)
) ENGINE=InnoDB AUTO_INCREMENT=6 DEFAULT CHARSET=utf8mb4 COLLATE=utf8mb4_0900_ai_ci;
/*!40101 SET character_set_client = @saved_cs_client */;

--
-- Dumping data for table `tbl_voucher`
--

LOCK TABLES `tbl_voucher` WRITE;
/*!40000 ALTER TABLE `tbl_voucher` DISABLE KEYS */;
INSERT INTO `tbl_voucher` VALUES (1,'r343rwfsd43325','2023-02-02 14:45:32.897000','Quochoa',NULL,1777,'string','percent','2023-02-02 14:45:32.897000',0.00,0,NULL),(2,'r343rwfsd43325','2023-02-02 14:46:53.095000','Quochoa','2023-02-02 14:43:06.391000',1777,'string','percent','2023-02-02 14:46:53.095000',0.00,0,NULL),(3,'r343rwfsd43325','2023-02-02 14:51:02.965000','Quochoa','2023-02-02 14:43:06.391000',1777,'string','percent','2023-02-02 14:51:02.965000',0.00,0,NULL),(4,'r343rwfsd43325','2023-02-02 14:55:11.865000','Quochoa','2023-02-02 14:43:06.391000',1777,'string','percent','2023-02-02 14:55:11.865000',0.00,0,NULL),(5,'TUNGBUNGKHAITRUONG','2023-02-02 15:50:31.349000','Chương trình khuyến mãi cực sốc hãy cùng tham gia ngay nào!','2023-02-20 07:00:00.000000',50000,'https://hostingviet.vn/data/tinymce/tin%20tuc%202019/voucher-la-gi.jpg','Percent','2023-02-02 15:50:31.349000',15.00,145000,'CHÀO XUÂN NĂM MỚI');
/*!40000 ALTER TABLE `tbl_voucher` ENABLE KEYS */;
UNLOCK TABLES;

--
-- Dumping events for database 'slayzdb'
--

--
-- Dumping routines for database 'slayzdb'
--
/*!40103 SET TIME_ZONE=@OLD_TIME_ZONE */;

/*!40101 SET SQL_MODE=@OLD_SQL_MODE */;
/*!40014 SET FOREIGN_KEY_CHECKS=@OLD_FOREIGN_KEY_CHECKS */;
/*!40014 SET UNIQUE_CHECKS=@OLD_UNIQUE_CHECKS */;
/*!40101 SET CHARACTER_SET_CLIENT=@OLD_CHARACTER_SET_CLIENT */;
/*!40101 SET CHARACTER_SET_RESULTS=@OLD_CHARACTER_SET_RESULTS */;
/*!40101 SET COLLATION_CONNECTION=@OLD_COLLATION_CONNECTION */;
/*!40111 SET SQL_NOTES=@OLD_SQL_NOTES */;

-- Dump completed on 2023-02-02 18:20:05
